# WaveFront *.obj file (generated by Autodesk ATF)

mtllib NoMisilDisk.mtl

g NoMisilDisk

v -6.500000 25.039886 5.000000
v -6.500000 12.084396 5.000000
v -6.500000 12.084396 8.003000
v -6.500000 25.039886 8.003000
v 6.500000 25.039886 5.000000
v 6.438163 26.792209 5.000000
v 6.255989 28.426201 5.000000
v 5.962703 29.942610 5.000000
v 5.572422 31.342517 5.000000
v 5.103133 32.627213 5.000000
v 4.575384 33.798060 5.000000
v 4.010797 34.856362 5.000000
v 3.430668 35.803237 5.000000
v 2.855100 36.639559 5.000000
v 2.302595 37.365950 5.000000
v 1.789570 37.982776 5.000000
v 1.328847 38.490064 5.000000
v 0.926916 38.887342 5.000000
v 0.581105 39.173475 5.000000
v 0.278772 39.346681 5.000000
v 0.137870 39.390284 5.000000
v 0.000000 39.404873 5.000000
v -0.137870 39.390210 5.000000
v -0.278772 39.346089 5.000000
v -0.581105 39.168860 5.000000
v -0.926916 38.872456 5.000000
v -1.328847 38.457071 5.000000
v -1.789570 37.923935 5.000000
v -2.302595 37.275152 5.000000
v -2.855100 36.513387 5.000000
v -3.430668 35.641558 5.000000
v -4.010797 34.662654 5.000000
v -4.575384 33.579658 5.000000
v -5.103133 32.395473 5.000000
v -5.572422 31.112836 5.000000
v -5.962703 29.734192 5.000000
v -6.255989 28.261569 5.000000
v -6.438163 26.696484 5.000000
v -6.438163 26.696484 8.003000
v -6.255989 28.261569 8.003000
v -5.962703 29.734192 8.003000
v -5.572422 31.112836 8.003000
v -5.103133 32.395473 8.003000
v -4.575384 33.579658 8.003000
v -4.010797 34.662654 8.003000
v -3.430668 35.641558 8.003000
v -2.855100 36.513387 8.003000
v -2.302595 37.275152 8.003000
v -1.789570 37.923935 8.003000
v -1.328847 38.457071 8.003000
v -0.926916 38.872456 8.003000
v -0.581105 39.168860 8.003000
v -0.278772 39.346089 8.003000
v -0.137870 39.390210 8.003000
v 0.000000 39.404873 8.003000
v 0.137870 39.390284 8.003000
v 0.278772 39.346681 8.003000
v 0.581105 39.173475 8.003000
v 0.926916 38.887342 8.003000
v 1.328847 38.490064 8.003000
v 1.789570 37.982776 8.003000
v 2.302595 37.365950 8.003000
v 2.855100 36.639559 8.003000
v 3.430668 35.803237 8.003000
v 4.010797 34.856362 8.003000
v 4.575384 33.798060 8.003000
v 5.103133 32.627213 8.003000
v 5.572422 31.342517 8.003000
v 5.962703 29.942610 8.003000
v 6.255989 28.426201 8.003000
v 6.438163 26.792209 8.003000
v 6.500000 25.039886 8.003000
v 6.500000 2.765430 5.000000
v 6.500000 2.765430 8.003000
v 6.500000 -28.791875 5.000000
v -6.500000 -28.791875 5.000000
v -6.500000 -28.791875 8.003000
v 6.500000 -28.791875 8.003000
v 0.000000 -41.043751 5.000000
v 0.041251 -39.802254 5.000000
v 0.095698 -38.674425 5.000000
v 0.163351 -37.660328 5.000000
v 0.244212 -36.759936 5.000000
v 0.338269 -35.973017 5.000000
v 0.445478 -35.299023 5.000000
v 0.565753 -34.736968 5.000000
v 0.698958 -34.285313 5.000000
v 0.844894 -33.941849 5.000000
v 1.003286 -33.703577 5.000000
v 1.087043 -33.622702 5.000000
v 1.173770 -33.566577 5.000000
v 1.263404 -33.534549 5.000000
v 1.355877 -33.525891 5.000000
v 1.451112 -33.539800 5.000000
v 1.549026 -33.575392 5.000000
v 1.752516 -33.707665 5.000000
v 1.965516 -33.913877 5.000000
v 2.187033 -34.183628 5.000000
v 2.650672 -34.864011 5.000000
v 3.131225 -35.636738 5.000000
v 3.611271 -36.377786 5.000000
v 3.843421 -36.697145 5.000000
v 4.065244 -36.962579 5.000000
v 4.272404 -37.160742 5.000000
v 4.368905 -37.230804 5.000000
v 4.459673 -37.279667 5.000000
v 4.543821 -37.306055 5.000000
v 4.583119 -37.310461 5.000000
v 4.620413 -37.308843 5.000000
v 4.655593 -37.301097 5.000000
v 4.688558 -37.287140 5.000000
v 4.719221 -37.266910 5.000000
v 4.747505 -37.240370 5.000000
v 4.796731 -37.168359 5.000000
v 4.836027 -37.071407 5.000000
v 4.885619 -36.806212 5.000000
v 4.900755 -36.455942 5.000000
v 4.889892 -36.037250 5.000000
v 4.837841 -35.079813 5.000000
v 4.837249 -34.120842 5.000000
v 4.890108 -33.699115 5.000000
v 4.993471 -33.342586 5.000000
v 5.066590 -33.193533 5.000000
v 5.154809 -33.065741 5.000000
v 5.258352 -32.960010 5.000000
v 5.377134 -32.876693 5.000000
v 5.510770 -32.815717 5.000000
v 5.658582 -32.776583 5.000000
v 5.992616 -32.759839 5.000000
v 6.368505 -32.814820 5.000000
v 6.772300 -32.925149 5.000000
v 7.598356 -33.231803 5.000000
v 8.334488 -33.508583 5.000000
v 8.628385 -33.583790 5.000000
v 8.750895 -33.597921 5.000000
v 8.855393 -33.594149 5.000000
v 8.900571 -33.585129 5.000000
v 8.940897 -33.571172 5.000000
v 8.976291 -33.552170 5.000000
v 9.006691 -33.528038 5.000000
v 9.032051 -33.498715 5.000000
v 9.052347 -33.464167 5.000000
v 9.067575 -33.424385 5.000000
v 9.077746 -33.379382 5.000000
v 9.083066 -33.273893 5.000000
v 9.068758 -33.148268 5.000000
v 8.984262 -32.840448 5.000000
v 8.832268 -32.466211 5.000000
v 8.623437 -32.039308 5.000000
v 8.086960 -31.094365 5.000000
v 7.486496 -30.150266 5.000000
v 7.196898 -29.723450 5.000000
v 6.930367 -29.347529 5.000000
v 6.696062 -29.034398 5.000000
v 6.696062 -29.034398 8.003000
v 6.930367 -29.347529 8.003000
v 7.196898 -29.723450 8.003000
v 7.486496 -30.150266 8.003000
v 8.086960 -31.094365 8.003000
v 8.623437 -32.039308 8.003000
v 8.832268 -32.466211 8.003000
v 8.984262 -32.840448 8.003000
v 9.068758 -33.148268 8.003000
v 9.083066 -33.273893 8.003000
v 9.077746 -33.379382 8.003000
v 9.067575 -33.424385 8.003000
v 9.052347 -33.464167 8.003000
v 9.032051 -33.498715 8.003000
v 9.006691 -33.528038 8.003000
v 8.976291 -33.552170 8.003000
v 8.940897 -33.571172 8.003000
v 8.900571 -33.585129 8.003000
v 8.855393 -33.594149 8.003000
v 8.750895 -33.597921 8.003000
v 8.628385 -33.583790 8.003000
v 8.334488 -33.508583 8.003000
v 7.598356 -33.231803 8.003000
v 6.772300 -32.925149 8.003000
v 6.368505 -32.814820 8.003000
v 5.992616 -32.759839 8.003000
v 5.658582 -32.776583 8.003000
v 5.510770 -32.815717 8.003000
v 5.377134 -32.876693 8.003000
v 5.258352 -32.960010 8.003000
v 5.154809 -33.065741 8.003000
v 5.066590 -33.193533 8.003000
v 4.993471 -33.342586 8.003000
v 4.890108 -33.699115 8.003000
v 4.837249 -34.120842 8.003000
v 4.837841 -35.079813 8.003000
v 4.889892 -36.037250 8.003000
v 4.900755 -36.455942 8.003000
v 4.885619 -36.806212 8.003000
v 4.836027 -37.071407 8.003000
v 4.796731 -37.168359 8.003000
v 4.747505 -37.240370 8.003000
v 4.719221 -37.266910 8.003000
v 4.688558 -37.287140 8.003000
v 4.655593 -37.301097 8.003000
v 4.620413 -37.308843 8.003000
v 4.583119 -37.310461 8.003000
v 4.543821 -37.306055 8.003000
v 4.459673 -37.279667 8.003000
v 4.368905 -37.230804 8.003000
v 4.272404 -37.160742 8.003000
v 4.065244 -36.962579 8.003000
v 3.843421 -36.697145 8.003000
v 3.611271 -36.377786 8.003000
v 3.131225 -35.636738 8.003000
v 2.650672 -34.864011 8.003000
v 2.187033 -34.183628 8.003000
v 1.965516 -33.913877 8.003000
v 1.752516 -33.707665 8.003000
v 1.549026 -33.575392 8.003000
v 1.451112 -33.539800 8.003000
v 1.355877 -33.525891 8.003000
v 1.263404 -33.534549 8.003000
v 1.173770 -33.566577 8.003000
v 1.087043 -33.622702 8.003000
v 1.003286 -33.703577 8.003000
v 0.844894 -33.941849 8.003000
v 0.698958 -34.285313 8.003000
v 0.565753 -34.736968 8.003000
v 0.445478 -35.299023 8.003000
v 0.338269 -35.973017 8.003000
v 0.244212 -36.759936 8.003000
v 0.163351 -37.660328 8.003000
v 0.095698 -38.674425 8.003000
v 0.041251 -39.802254 8.003000
v 0.000000 -41.043751 8.003000
v -6.696062 -29.034398 5.000000
v -6.930367 -29.347529 5.000000
v -7.196898 -29.723450 5.000000
v -7.486496 -30.150266 5.000000
v -8.086960 -31.094365 5.000000
v -8.623437 -32.039308 5.000000
v -8.832268 -32.466211 5.000000
v -8.984262 -32.840448 5.000000
v -9.068758 -33.148268 5.000000
v -9.083066 -33.273893 5.000000
v -9.077746 -33.379382 5.000000
v -9.067575 -33.424385 5.000000
v -9.052347 -33.464167 5.000000
v -9.032051 -33.498715 5.000000
v -9.006691 -33.528038 5.000000
v -8.976291 -33.552170 5.000000
v -8.940897 -33.571172 5.000000
v -8.900571 -33.585129 5.000000
v -8.855393 -33.594149 5.000000
v -8.750895 -33.597921 5.000000
v -8.628385 -33.583790 5.000000
v -8.334488 -33.508583 5.000000
v -7.598356 -33.231803 5.000000
v -6.772300 -32.925149 5.000000
v -6.368505 -32.814820 5.000000
v -5.992616 -32.759839 5.000000
v -5.658582 -32.776583 5.000000
v -5.510770 -32.815717 5.000000
v -5.377134 -32.876693 5.000000
v -5.258352 -32.960010 5.000000
v -5.154809 -33.065741 5.000000
v -5.066590 -33.193533 5.000000
v -4.993471 -33.342586 5.000000
v -4.890108 -33.699115 5.000000
v -4.837249 -34.120842 5.000000
v -4.837841 -35.079813 5.000000
v -4.889892 -36.037250 5.000000
v -4.900755 -36.455942 5.000000
v -4.885619 -36.806212 5.000000
v -4.836027 -37.071407 5.000000
v -4.796731 -37.168359 5.000000
v -4.747505 -37.240370 5.000000
v -4.719221 -37.266910 5.000000
v -4.688558 -37.287140 5.000000
v -4.655593 -37.301097 5.000000
v -4.620413 -37.308843 5.000000
v -4.583119 -37.310461 5.000000
v -4.543821 -37.306055 5.000000
v -4.459673 -37.279667 5.000000
v -4.368905 -37.230804 5.000000
v -4.272404 -37.160742 5.000000
v -4.065244 -36.962579 5.000000
v -3.843421 -36.697145 5.000000
v -3.611271 -36.377786 5.000000
v -3.131225 -35.636738 5.000000
v -2.650672 -34.864011 5.000000
v -2.187033 -34.183628 5.000000
v -1.965516 -33.913877 5.000000
v -1.752516 -33.707665 5.000000
v -1.549026 -33.575392 5.000000
v -1.451112 -33.539800 5.000000
v -1.355877 -33.525891 5.000000
v -1.263404 -33.534549 5.000000
v -1.173770 -33.566577 5.000000
v -1.087043 -33.622702 5.000000
v -1.003286 -33.703577 5.000000
v -0.844894 -33.941849 5.000000
v -0.698958 -34.285313 5.000000
v -0.565753 -34.736968 5.000000
v -0.445478 -35.299023 5.000000
v -0.338269 -35.973017 5.000000
v -0.244212 -36.759936 5.000000
v -0.163351 -37.660328 5.000000
v -0.095698 -38.674425 5.000000
v -0.041251 -39.802254 5.000000
v -0.041251 -39.802254 8.003000
v -0.095698 -38.674425 8.003000
v -0.163351 -37.660328 8.003000
v -0.244212 -36.759936 8.003000
v -0.338269 -35.973017 8.003000
v -0.445478 -35.299023 8.003000
v -0.565753 -34.736968 8.003000
v -0.698958 -34.285313 8.003000
v -0.844894 -33.941849 8.003000
v -1.003286 -33.703577 8.003000
v -1.087043 -33.622702 8.003000
v -1.173770 -33.566577 8.003000
v -1.263404 -33.534549 8.003000
v -1.355877 -33.525891 8.003000
v -1.451112 -33.539800 8.003000
v -1.549026 -33.575392 8.003000
v -1.752516 -33.707665 8.003000
v -1.965516 -33.913877 8.003000
v -2.187033 -34.183628 8.003000
v -2.650672 -34.864011 8.003000
v -3.131225 -35.636738 8.003000
v -3.611271 -36.377786 8.003000
v -3.843421 -36.697145 8.003000
v -4.065244 -36.962579 8.003000
v -4.272404 -37.160742 8.003000
v -4.368905 -37.230804 8.003000
v -4.459673 -37.279667 8.003000
v -4.543821 -37.306055 8.003000
v -4.583119 -37.310461 8.003000
v -4.620413 -37.308843 8.003000
v -4.655593 -37.301097 8.003000
v -4.688558 -37.287140 8.003000
v -4.719221 -37.266910 8.003000
v -4.747505 -37.240370 8.003000
v -4.796731 -37.168359 8.003000
v -4.836027 -37.071407 8.003000
v -4.885619 -36.806212 8.003000
v -4.900755 -36.455942 8.003000
v -4.889892 -36.037250 8.003000
v -4.837841 -35.079813 8.003000
v -4.837249 -34.120842 8.003000
v -4.890108 -33.699115 8.003000
v -4.993471 -33.342586 8.003000
v -5.066590 -33.193533 8.003000
v -5.154809 -33.065741 8.003000
v -5.258352 -32.960010 8.003000
v -5.377134 -32.876693 8.003000
v -5.510770 -32.815717 8.003000
v -5.658582 -32.776583 8.003000
v -5.992616 -32.759839 8.003000
v -6.368505 -32.814820 8.003000
v -6.772300 -32.925149 8.003000
v -7.598356 -33.231803 8.003000
v -8.334488 -33.508583 8.003000
v -8.628385 -33.583790 8.003000
v -8.750895 -33.597921 8.003000
v -8.855393 -33.594149 8.003000
v -8.900571 -33.585129 8.003000
v -8.940897 -33.571172 8.003000
v -8.976291 -33.552170 8.003000
v -9.006691 -33.528038 8.003000
v -9.032051 -33.498715 8.003000
v -9.052347 -33.464167 8.003000
v -9.067575 -33.424385 8.003000
v -9.077746 -33.379382 8.003000
v -9.083066 -33.273893 8.003000
v -9.068758 -33.148268 8.003000
v -8.984262 -32.840448 8.003000
v -8.832268 -32.466211 8.003000
v -8.623437 -32.039308 8.003000
v -8.086960 -31.094365 8.003000
v -7.486496 -30.150266 8.003000
v -7.196898 -29.723450 8.003000
v -6.930367 -29.347529 8.003000
v -6.696062 -29.034398 8.003000
v 6.500000 -26.225986 5.000000
v 6.500000 -12.084396 5.000000
v 6.500000 -12.084396 8.003000
v 6.500000 -26.225986 8.003000
v -6.500000 -26.225986 5.000000
v -6.500000 -26.225986 8.003000
v -6.500000 -2.765430 5.000000
v -6.500000 -2.765430 8.003000
v -34.243253 29.468621 5.000000
v -38.904164 22.966629 5.000000
v -38.904164 22.966629 8.003000
v -34.243253 29.468621 8.003000
v 34.243253 -29.468621 5.000000
v 34.243253 -29.468621 8.003000
v 38.904164 -22.966629 5.000000
v 38.904164 -22.966629 8.003000
v -50.000000 -0.000000 8.003000
v -49.901336 -3.139526 8.003000
v -49.605735 -6.266662 8.003000
v -49.114363 -9.369066 8.003000
v -48.429158 -12.434494 8.003000
v -47.552826 -15.450850 8.003000
v -46.488824 -18.406228 8.003000
v -45.241353 -21.288965 8.003000
v -43.815334 -24.087684 8.003000
v -42.216396 -26.791340 8.003000
v -40.450850 -29.389263 8.003000
v -38.525662 -31.871199 8.003000
v -36.448431 -34.227355 8.003000
v -34.227355 -36.448431 8.003000
v -31.871199 -38.525662 8.003000
v -29.389263 -40.450850 8.003000
v -26.791340 -42.216396 8.003000
v -24.087684 -43.815334 8.003000
v -21.288965 -45.241353 8.003000
v -18.406228 -46.488824 8.003000
v -15.450850 -47.552826 8.003000
v -12.434494 -48.429158 8.003000
v -9.369066 -49.114363 8.003000
v -6.266662 -49.605735 8.003000
v -3.139526 -49.901336 8.003000
v 0.000000 -50.000000 8.003000
v 3.139526 -49.901336 8.003000
v 6.266662 -49.605735 8.003000
v 9.369066 -49.114363 8.003000
v 12.434494 -48.429158 8.003000
v 15.450850 -47.552826 8.003000
v 18.406228 -46.488824 8.003000
v 21.288965 -45.241353 8.003000
v 24.087684 -43.815334 8.003000
v 26.791340 -42.216396 8.003000
v 29.389263 -40.450850 8.003000
v 31.871199 -38.525662 8.003000
v 34.227355 -36.448431 8.003000
v 36.448431 -34.227355 8.003000
v 38.525662 -31.871199 8.003000
v 40.450850 -29.389263 8.003000
v 42.216396 -26.791340 8.003000
v 43.815334 -24.087684 8.003000
v 45.241353 -21.288965 8.003000
v 46.488824 -18.406228 8.003000
v 47.552826 -15.450850 8.003000
v 48.429158 -12.434494 8.003000
v 49.114363 -9.369066 8.003000
v 49.605735 -6.266662 8.003000
v 49.901336 -3.139526 8.003000
v 50.000000 -0.000000 8.003000
v 49.901336 3.139526 8.003000
v 49.605735 6.266662 8.003000
v 49.114363 9.369066 8.003000
v 48.429158 12.434494 8.003000
v 47.552826 15.450850 8.003000
v 46.488824 18.406228 8.003000
v 45.241353 21.288965 8.003000
v 43.815334 24.087684 8.003000
v 42.216396 26.791340 8.003000
v 40.450850 29.389263 8.003000
v 38.525662 31.871199 8.003000
v 36.448431 34.227355 8.003000
v 34.227355 36.448431 8.003000
v 31.871199 38.525662 8.003000
v 29.389263 40.450850 8.003000
v 26.791340 42.216396 8.003000
v 24.087684 43.815334 8.003000
v 21.288965 45.241353 8.003000
v 18.406228 46.488824 8.003000
v 15.450850 47.552826 8.003000
v 12.434494 48.429158 8.003000
v 9.369066 49.114363 8.003000
v 6.266662 49.605735 8.003000
v 3.139526 49.901336 8.003000
v 0.000000 50.000000 8.003000
v -3.139526 49.901336 8.003000
v -6.266662 49.605735 8.003000
v -9.369066 49.114363 8.003000
v -12.434494 48.429158 8.003000
v -15.450850 47.552826 8.003000
v -18.406228 46.488824 8.003000
v -21.288965 45.241353 8.003000
v -24.087684 43.815334 8.003000
v -26.791340 42.216396 8.003000
v -29.389263 40.450850 8.003000
v -31.871199 38.525662 8.003000
v -34.227355 36.448431 8.003000
v -36.448431 34.227355 8.003000
v -38.525662 31.871199 8.003000
v -40.450850 29.389263 8.003000
v -42.216396 26.791340 8.003000
v -43.815334 24.087684 8.003000
v -45.241353 21.288965 8.003000
v -46.488824 18.406228 8.003000
v -47.552826 15.450850 8.003000
v -48.429158 12.434494 8.003000
v -49.114363 9.369066 8.003000
v -49.605735 6.266662 8.003000
v -49.901336 3.139526 8.003000
v -50.000000 -0.000000 5.000000
v -49.901336 3.139526 5.000000
v -49.605735 6.266662 5.000000
v -49.114363 9.369066 5.000000
v -48.429158 12.434494 5.000000
v -47.552826 15.450850 5.000000
v -46.488824 18.406228 5.000000
v -45.241353 21.288965 5.000000
v -43.815334 24.087684 5.000000
v -42.216396 26.791340 5.000000
v -40.450850 29.389263 5.000000
v -38.525662 31.871199 5.000000
v -36.448431 34.227355 5.000000
v -34.227355 36.448431 5.000000
v -31.871199 38.525662 5.000000
v -29.389263 40.450850 5.000000
v -26.791340 42.216396 5.000000
v -24.087684 43.815334 5.000000
v -21.288965 45.241353 5.000000
v -18.406228 46.488824 5.000000
v -15.450850 47.552826 5.000000
v -12.434494 48.429158 5.000000
v -9.369066 49.114363 5.000000
v -6.266662 49.605735 5.000000
v -3.139526 49.901336 5.000000
v 0.000000 50.000000 5.000000
v 3.139526 49.901336 5.000000
v 6.266662 49.605735 5.000000
v 9.369066 49.114363 5.000000
v 12.434494 48.429158 5.000000
v 15.450850 47.552826 5.000000
v 18.406228 46.488824 5.000000
v 21.288965 45.241353 5.000000
v 24.087684 43.815334 5.000000
v 26.791340 42.216396 5.000000
v 29.389263 40.450850 5.000000
v 31.871199 38.525662 5.000000
v 34.227355 36.448431 5.000000
v 36.448431 34.227355 5.000000
v 38.525662 31.871199 5.000000
v 40.450850 29.389263 5.000000
v 42.216396 26.791340 5.000000
v 43.815334 24.087684 5.000000
v 45.241353 21.288965 5.000000
v 46.488824 18.406228 5.000000
v 47.552826 15.450850 5.000000
v 48.429158 12.434494 5.000000
v 49.114363 9.369066 5.000000
v 49.605735 6.266662 5.000000
v 49.901336 3.139526 5.000000
v 50.000000 0.000000 5.000000
v 49.901336 -3.139526 5.000000
v 49.605735 -6.266662 5.000000
v 49.114363 -9.369066 5.000000
v 48.429158 -12.434494 5.000000
v 47.552826 -15.450850 5.000000
v 46.488824 -18.406228 5.000000
v 45.241353 -21.288965 5.000000
v 43.815334 -24.087684 5.000000
v 42.216396 -26.791340 5.000000
v 40.450850 -29.389263 5.000000
v 38.525662 -31.871199 5.000000
v 36.448431 -34.227355 5.000000
v 34.227355 -36.448431 5.000000
v 31.871199 -38.525662 5.000000
v 29.389263 -40.450850 5.000000
v 26.791340 -42.216396 5.000000
v 24.087684 -43.815334 5.000000
v 21.288965 -45.241353 5.000000
v 18.406228 -46.488824 5.000000
v 15.450850 -47.552826 5.000000
v 12.434494 -48.429158 5.000000
v 9.369066 -49.114363 5.000000
v 6.266662 -49.605735 5.000000
v 3.139526 -49.901336 5.000000
v 0.000000 -50.000000 5.000000
v -3.139526 -49.901336 5.000000
v -6.266662 -49.605735 5.000000
v -9.369066 -49.114363 5.000000
v -12.434494 -48.429158 5.000000
v -15.450850 -47.552826 5.000000
v -18.406228 -46.488824 5.000000
v -21.288965 -45.241353 5.000000
v -24.087684 -43.815334 5.000000
v -26.791340 -42.216396 5.000000
v -29.389263 -40.450850 5.000000
v -31.871199 -38.525662 5.000000
v -34.227355 -36.448431 5.000000
v -36.448431 -34.227355 5.000000
v -38.525662 -31.871199 5.000000
v -40.450850 -29.389263 5.000000
v -42.216396 -26.791340 5.000000
v -43.815334 -24.087684 5.000000
v -45.241353 -21.288965 5.000000
v -46.488824 -18.406228 5.000000
v -47.552826 -15.450850 5.000000
v -48.429158 -12.434494 5.000000
v -49.114363 -9.369066 5.000000
v -49.605735 -6.266662 5.000000
v -49.901336 -3.139526 5.000000
v -56.000000 -0.000000 8.003000
v -55.899767 -3.349033 8.003000
v -55.599428 -6.686077 8.003000
v -55.100057 -9.999186 8.003000
v -54.403442 -13.276501 8.003000
v -53.512077 -16.506290 8.003000
v -52.429153 -19.676990 8.003000
v -51.158546 -22.777252 8.003000
v -49.704804 -25.795977 8.003000
v -48.073132 -28.722360 8.003000
v -46.269371 -31.545923 8.003000
v -44.299978 -34.256561 8.003000
v -42.172002 -36.844569 8.003000
v -39.893061 -39.300683 8.003000
v -37.471314 -41.616110 8.003000
v -34.915429 -43.782563 8.003000
v -32.234556 -45.792286 8.003000
v -29.438291 -47.638084 8.003000
v -26.536645 -49.313350 8.003000
v -23.540005 -50.812087 8.003000
v -20.459097 -52.128930 8.003000
v -17.304952 -53.259165 8.003000
v -14.088859 -54.198746 8.003000
v -10.822331 -54.944309 8.003000
v -7.517063 -55.493187 8.003000
v -4.184885 -55.843413 8.003000
v -0.837727 -55.993734 8.003000
v 2.512430 -55.943612 8.003000
v 5.853594 -55.693226 8.003000
v 9.173803 -55.243473 8.003000
v 12.461172 -54.595963 8.003000
v 15.703934 -53.753014 8.003000
v 18.890479 -52.717642 8.003000
v 22.009402 -51.493555 8.003000
v 25.049536 -50.085135 8.003000
v 28.000000 -48.497423 8.003000
v 30.850231 -46.736102 8.003000
v 33.590026 -44.807479 8.003000
v 36.209578 -42.718456 8.003000
v 38.699508 -40.476512 8.003000
v 41.050905 -38.089673 8.003000
v 43.255350 -35.566483 8.003000
v 45.304952 -32.915974 8.003000
v 47.192374 -30.147635 8.003000
v 48.910859 -27.271374 8.003000
v 50.454257 -24.297489 8.003000
v 51.817041 -21.236626 8.003000
v 52.994333 -18.099741 8.003000
v 53.981920 -14.898063 8.003000
v 54.776266 -11.643055 8.003000
v 55.374526 -8.346367 8.003000
v 55.774560 -5.019801 8.003000
v 55.974936 -1.675266 8.003000
v 55.974936 1.675266 8.003000
v 55.774560 5.019801 8.003000
v 55.374526 8.346367 8.003000
v 54.776266 11.643055 8.003000
v 53.981920 14.898063 8.003000
v 52.994333 18.099741 8.003000
v 51.817041 21.236626 8.003000
v 50.454257 24.297489 8.003000
v 48.910859 27.271374 8.003000
v 47.192374 30.147635 8.003000
v 45.304952 32.915974 8.003000
v 43.255350 35.566483 8.003000
v 41.050905 38.089673 8.003000
v 38.699508 40.476512 8.003000
v 36.209578 42.718456 8.003000
v 33.590026 44.807479 8.003000
v 30.850231 46.736102 8.003000
v 28.000000 48.497423 8.003000
v 25.049536 50.085135 8.003000
v 22.009402 51.493555 8.003000
v 18.890479 52.717642 8.003000
v 15.703934 53.753014 8.003000
v 12.461172 54.595963 8.003000
v 9.173803 55.243473 8.003000
v 5.853594 55.693226 8.003000
v 2.512430 55.943612 8.003000
v -0.837727 55.993734 8.003000
v -4.184885 55.843413 8.003000
v -7.517063 55.493187 8.003000
v -10.822331 54.944309 8.003000
v -14.088859 54.198746 8.003000
v -17.304952 53.259165 8.003000
v -20.459097 52.128930 8.003000
v -23.540005 50.812087 8.003000
v -26.536645 49.313350 8.003000
v -29.438291 47.638084 8.003000
v -32.234556 45.792286 8.003000
v -34.915429 43.782563 8.003000
v -37.471314 41.616110 8.003000
v -39.893061 39.300683 8.003000
v -42.172002 36.844569 8.003000
v -44.299978 34.256561 8.003000
v -46.269371 31.545923 8.003000
v -48.073132 28.722360 8.003000
v -49.704804 25.795977 8.003000
v -51.158546 22.777252 8.003000
v -52.429153 19.676990 8.003000
v -53.512077 16.506290 8.003000
v -54.403442 13.276501 8.003000
v -55.100057 9.999186 8.003000
v -55.599428 6.686077 8.003000
v -55.899767 3.349033 8.003000
v -56.000000 -0.000000 0.000000
v -55.899767 -3.349033 0.000000
v -55.599428 -6.686077 0.000000
v -55.100057 -9.999186 0.000000
v -54.403442 -13.276501 0.000000
v -53.512077 -16.506290 0.000000
v -52.429153 -19.676990 0.000000
v -51.158546 -22.777252 0.000000
v -49.704804 -25.795977 0.000000
v -48.073132 -28.722360 0.000000
v -46.269371 -31.545923 0.000000
v -44.299978 -34.256561 0.000000
v -42.172002 -36.844569 0.000000
v -39.893061 -39.300683 0.000000
v -37.471314 -41.616110 0.000000
v -34.915429 -43.782563 0.000000
v -32.234556 -45.792286 0.000000
v -29.438291 -47.638084 0.000000
v -26.536645 -49.313350 0.000000
v -23.540005 -50.812087 0.000000
v -20.459097 -52.128930 0.000000
v -17.304952 -53.259165 0.000000
v -14.088859 -54.198746 0.000000
v -10.822331 -54.944309 0.000000
v -7.517063 -55.493187 0.000000
v -4.184885 -55.843413 0.000000
v -0.837727 -55.993734 0.000000
v 2.512430 -55.943612 0.000000
v 5.853594 -55.693226 0.000000
v 9.173803 -55.243473 0.000000
v 12.461172 -54.595963 0.000000
v 15.703934 -53.753014 0.000000
v 18.890479 -52.717642 0.000000
v 22.009402 -51.493555 0.000000
v 25.049536 -50.085135 0.000000
v 28.000000 -48.497423 0.000000
v 30.850231 -46.736102 0.000000
v 33.590026 -44.807479 0.000000
v 36.209578 -42.718456 0.000000
v 38.699508 -40.476512 0.000000
v 41.050905 -38.089673 0.000000
v 43.255350 -35.566483 0.000000
v 45.304952 -32.915974 0.000000
v 47.192374 -30.147635 0.000000
v 48.910859 -27.271374 0.000000
v 50.454257 -24.297489 0.000000
v 51.817041 -21.236626 0.000000
v 52.994333 -18.099741 0.000000
v 53.981920 -14.898063 0.000000
v 54.776266 -11.643055 0.000000
v 55.374526 -8.346367 0.000000
v 55.774560 -5.019801 0.000000
v 55.974936 -1.675266 0.000000
v 55.974936 1.675266 0.000000
v 55.774560 5.019801 0.000000
v 55.374526 8.346367 0.000000
v 54.776266 11.643055 0.000000
v 53.981920 14.898063 0.000000
v 52.994333 18.099741 0.000000
v 51.817041 21.236626 0.000000
v 50.454257 24.297489 0.000000
v 48.910859 27.271374 0.000000
v 47.192374 30.147635 0.000000
v 45.304952 32.915974 0.000000
v 43.255350 35.566483 0.000000
v 41.050905 38.089673 0.000000
v 38.699508 40.476512 0.000000
v 36.209578 42.718456 0.000000
v 33.590026 44.807479 0.000000
v 30.850231 46.736102 0.000000
v 28.000000 48.497423 0.000000
v 25.049536 50.085135 0.000000
v 22.009402 51.493555 0.000000
v 18.890479 52.717642 0.000000
v 15.703934 53.753014 0.000000
v 12.461172 54.595963 0.000000
v 9.173803 55.243473 0.000000
v 5.853594 55.693226 0.000000
v 2.512430 55.943612 0.000000
v -0.837727 55.993734 0.000000
v -4.184885 55.843413 0.000000
v -7.517063 55.493187 0.000000
v -10.822331 54.944309 0.000000
v -14.088859 54.198746 0.000000
v -17.304952 53.259165 0.000000
v -20.459097 52.128930 0.000000
v -23.540005 50.812087 0.000000
v -26.536645 49.313350 0.000000
v -29.438291 47.638084 0.000000
v -32.234556 45.792286 0.000000
v -34.915429 43.782563 0.000000
v -37.471314 41.616110 0.000000
v -39.893061 39.300683 0.000000
v -42.172002 36.844569 0.000000
v -44.299978 34.256561 0.000000
v -46.269371 31.545923 0.000000
v -48.073132 28.722360 0.000000
v -49.704804 25.795977 0.000000
v -51.158546 22.777252 0.000000
v -52.429153 19.676990 0.000000
v -53.512077 16.506290 0.000000
v -54.403442 13.276501 0.000000
v -55.100057 9.999186 0.000000
v -55.599428 6.686077 0.000000
v -55.899767 3.349033 0.000000
vt -0.000000 0.000000 0.000000
vt 1.295549 0.000000 0.000000
vt -0.000000 0.300300 0.000000
vt 1.295549 0.300300 0.000000
vt -0.879114 0.000000 0.000000
vt -0.851642 0.000000 0.000000
vt -0.879114 0.300300 0.000000
vt -0.851642 0.300300 0.000000
vt -0.824170 0.000000 0.000000
vt -0.824170 0.300300 0.000000
vt -0.796697 0.000000 0.000000
vt -0.796697 0.300300 0.000000
vt -0.769225 0.000000 0.000000
vt -0.769225 0.300300 0.000000
vt -0.741753 0.000000 0.000000
vt -0.741753 0.300300 0.000000
vt -0.714280 0.000000 0.000000
vt -0.714280 0.300300 0.000000
vt -0.686808 0.000000 0.000000
vt -0.686808 0.300300 0.000000
vt -0.659336 0.000000 0.000000
vt -0.659336 0.300300 0.000000
vt -0.631863 0.000000 0.000000
vt -0.631863 0.300300 0.000000
vt -0.604391 0.000000 0.000000
vt -0.604391 0.300300 0.000000
vt -0.576919 0.000000 0.000000
vt -0.576919 0.300300 0.000000
vt -0.549446 0.000000 0.000000
vt -0.549446 0.300300 0.000000
vt -0.521974 0.000000 0.000000
vt -0.521974 0.300300 0.000000
vt -0.494502 0.000000 0.000000
vt -0.494502 0.300300 0.000000
vt -0.467029 0.000000 0.000000
vt -0.467029 0.300300 0.000000
vt -0.453293 0.000000 0.000000
vt -0.453293 0.300300 0.000000
vt -0.439557 0.000000 0.000000
vt -0.439557 0.300300 0.000000
vt -0.425821 0.000000 0.000000
vt -0.425821 0.300300 0.000000
vt -0.412085 0.000000 0.000000
vt -0.412085 0.300300 0.000000
vt -0.384612 0.000000 0.000000
vt -0.384612 0.300300 0.000000
vt -0.357140 0.000000 0.000000
vt -0.357140 0.300300 0.000000
vt -0.329668 0.000000 0.000000
vt -0.329668 0.300300 0.000000
vt -0.302196 0.000000 0.000000
vt -0.302196 0.300300 0.000000
vt -0.274723 0.000000 0.000000
vt -0.274723 0.300300 0.000000
vt -0.247251 0.000000 0.000000
vt -0.247251 0.300300 0.000000
vt -0.219779 0.000000 0.000000
vt -0.219779 0.300300 0.000000
vt -0.192306 0.000000 0.000000
vt -0.192306 0.300300 0.000000
vt -0.164834 0.000000 0.000000
vt -0.164834 0.300300 0.000000
vt -0.137362 0.000000 0.000000
vt -0.137362 0.300300 0.000000
vt -0.109889 0.000000 0.000000
vt -0.109889 0.300300 0.000000
vt -0.082417 0.000000 0.000000
vt -0.082417 0.300300 0.000000
vt -0.054945 0.000000 0.000000
vt -0.054945 0.300300 0.000000
vt -0.027472 0.000000 0.000000
vt -0.027472 0.300300 0.000000
vt 0.000000 0.000000 0.000000
vt 0.000000 0.300300 0.000000
vt -0.000000 0.000000 0.000000
vt 2.227446 0.000000 0.000000
vt -0.000000 0.300300 0.000000
vt 2.227446 0.300300 0.000000
vt 0.000000 0.000000 0.000000
vt 1.599510 0.000000 0.000000
vt 0.000000 0.300300 0.000000
vt 1.599510 0.300300 0.000000
vt -0.650000 1.847047 0.000000
vt -0.650000 -0.380398 0.000000
vt 0.650000 0.915151 0.000000
vt 0.650000 -0.380398 0.000000
vt 0.343067 -1.440565 0.000000
vt 0.401080 -1.342675 0.000000
vt -0.643816 -0.555630 0.000000
vt -0.625599 -0.719030 0.000000
vt -0.596270 -0.870670 0.000000
vt -0.557242 -1.010661 0.000000
vt -0.510313 -1.139131 0.000000
vt -0.457538 -1.256215 0.000000
vt -0.401080 -1.362046 0.000000
vt -0.343067 -1.456733 0.000000
vt 0.285510 -1.527748 0.000000
vt -0.285510 -1.540365 0.000000
vt -0.230260 -1.613005 0.000000
vt 0.230260 -1.603925 0.000000
vt -0.178957 -1.674687 0.000000
vt 0.178957 -1.668803 0.000000
vt -0.132885 -1.725416 0.000000
vt 0.132885 -1.722117 0.000000
vt -0.092692 -1.765144 0.000000
vt 0.092692 -1.763655 0.000000
vt -0.058111 -1.793757 0.000000
vt 0.058111 -1.793295 0.000000
vt -0.027877 -1.811078 0.000000
vt -0.013787 -1.815438 0.000000
vt 0.000000 -1.816897 0.000000
vt 0.013787 -1.815430 0.000000
vt 0.027877 -1.811018 0.000000
vt 0.457538 -1.234375 0.000000
vt 0.510313 -1.115957 0.000000
vt 0.557242 -0.987693 0.000000
vt 0.596270 -0.849829 0.000000
vt 0.625599 -0.702566 0.000000
vt 0.643816 -0.546058 0.000000
vt -0.000000 0.000000 0.000000
vt 1.300000 0.000000 0.000000
vt -0.000000 0.300300 0.000000
vt 1.300000 0.300300 0.000000
vt -2.860075 0.000000 0.000000
vt -2.815386 0.000000 0.000000
vt -2.860075 0.300300 0.000000
vt -2.815386 0.300300 0.000000
vt -2.770697 0.000000 0.000000
vt -2.770697 0.300300 0.000000
vt -2.726009 0.000000 0.000000
vt -2.726009 0.300300 0.000000
vt -2.681320 0.000000 0.000000
vt -2.681320 0.300300 0.000000
vt -2.636631 0.000000 0.000000
vt -2.636631 0.300300 0.000000
vt -2.591943 0.000000 0.000000
vt -2.591943 0.300300 0.000000
vt -2.547254 0.000000 0.000000
vt -2.547254 0.300300 0.000000
vt -2.502565 0.000000 0.000000
vt -2.502565 0.300300 0.000000
vt -2.457877 0.000000 0.000000
vt -2.457877 0.300300 0.000000
vt -2.413188 0.000000 0.000000
vt -2.413188 0.300300 0.000000
vt -2.390844 0.000000 0.000000
vt -2.390844 0.300300 0.000000
vt -2.368499 0.000000 0.000000
vt -2.368499 0.300300 0.000000
vt -2.346155 0.000000 0.000000
vt -2.346155 0.300300 0.000000
vt -2.323811 0.000000 0.000000
vt -2.323811 0.300300 0.000000
vt -2.301466 0.000000 0.000000
vt -2.301466 0.300300 0.000000
vt -2.279122 0.000000 0.000000
vt -2.279122 0.300300 0.000000
vt -2.234433 0.000000 0.000000
vt -2.234433 0.300300 0.000000
vt -2.189745 0.000000 0.000000
vt -2.189745 0.300300 0.000000
vt -2.145056 0.000000 0.000000
vt -2.145056 0.300300 0.000000
vt -2.055679 0.000000 0.000000
vt -2.055679 0.300300 0.000000
vt -1.966301 0.000000 0.000000
vt -1.966301 0.300300 0.000000
vt -1.876924 0.000000 0.000000
vt -1.876924 0.300300 0.000000
vt -1.832235 0.000000 0.000000
vt -1.832235 0.300300 0.000000
vt -1.787547 0.000000 0.000000
vt -1.787547 0.300300 0.000000
vt -1.742858 0.000000 0.000000
vt -1.742858 0.300300 0.000000
vt -1.720514 0.000000 0.000000
vt -1.720514 0.300300 0.000000
vt -1.698169 0.000000 0.000000
vt -1.698169 0.300300 0.000000
vt -1.675825 0.000000 0.000000
vt -1.675825 0.300300 0.000000
vt -1.664653 0.000000 0.000000
vt -1.664653 0.300300 0.000000
vt -1.653481 0.000000 0.000000
vt -1.653481 0.300300 0.000000
vt -1.642308 0.000000 0.000000
vt -1.642308 0.300300 0.000000
vt -1.631136 0.000000 0.000000
vt -1.631136 0.300300 0.000000
vt -1.619964 0.000000 0.000000
vt -1.619964 0.300300 0.000000
vt -1.608792 0.000000 0.000000
vt -1.608792 0.300300 0.000000
vt -1.586448 0.000000 0.000000
vt -1.586448 0.300300 0.000000
vt -1.564103 0.000000 0.000000
vt -1.564103 0.300300 0.000000
vt -1.519415 0.000000 0.000000
vt -1.519415 0.300300 0.000000
vt -1.474726 0.000000 0.000000
vt -1.474726 0.300300 0.000000
vt -1.430037 0.000000 0.000000
vt -1.430037 0.300300 0.000000
vt -1.340660 0.000000 0.000000
vt -1.340660 0.300300 0.000000
vt -1.251283 0.000000 0.000000
vt -1.251283 0.300300 0.000000
vt -1.206594 0.000000 0.000000
vt -1.206594 0.300300 0.000000
vt -1.161905 0.000000 0.000000
vt -1.161905 0.300300 0.000000
vt -1.139561 0.000000 0.000000
vt -1.139561 0.300300 0.000000
vt -1.117217 0.000000 0.000000
vt -1.117217 0.300300 0.000000
vt -1.094872 0.000000 0.000000
vt -1.094872 0.300300 0.000000
vt -1.072528 0.000000 0.000000
vt -1.072528 0.300300 0.000000
vt -1.050184 0.000000 0.000000
vt -1.050184 0.300300 0.000000
vt -1.027839 0.000000 0.000000
vt -1.027839 0.300300 0.000000
vt -0.983151 0.000000 0.000000
vt -0.983151 0.300300 0.000000
vt -0.938462 0.000000 0.000000
vt -0.938462 0.300300 0.000000
vt -0.893773 0.000000 0.000000
vt -0.893773 0.300300 0.000000
vt -0.804396 0.000000 0.000000
vt -0.804396 0.300300 0.000000
vt -0.715019 0.000000 0.000000
vt -0.715019 0.300300 0.000000
vt -0.670330 0.000000 0.000000
vt -0.670330 0.300300 0.000000
vt -0.647986 0.000000 0.000000
vt -0.647986 0.300300 0.000000
vt -0.625641 0.000000 0.000000
vt -0.625641 0.300300 0.000000
vt -0.614469 0.000000 0.000000
vt -0.614469 0.300300 0.000000
vt -0.603297 0.000000 0.000000
vt -0.603297 0.300300 0.000000
vt -0.592125 0.000000 0.000000
vt -0.592125 0.300300 0.000000
vt -0.580953 0.000000 0.000000
vt -0.580953 0.300300 0.000000
vt -0.569780 0.000000 0.000000
vt -0.569780 0.300300 0.000000
vt -0.558608 0.000000 0.000000
vt -0.558608 0.300300 0.000000
vt -0.547436 0.000000 0.000000
vt -0.547436 0.300300 0.000000
vt -0.536264 0.000000 0.000000
vt -0.536264 0.300300 0.000000
vt -0.513920 0.000000 0.000000
vt -0.513920 0.300300 0.000000
vt -0.491575 0.000000 0.000000
vt -0.491575 0.300300 0.000000
vt -0.446887 0.000000 0.000000
vt -0.446887 0.300300 0.000000
vt -0.402198 0.000000 0.000000
vt -0.402198 0.300300 0.000000
vt -0.357509 0.000000 0.000000
vt -0.357509 0.300300 0.000000
vt -0.268132 0.000000 0.000000
vt -0.268132 0.300300 0.000000
vt -0.178755 0.000000 0.000000
vt -0.178755 0.300300 0.000000
vt -0.134066 0.000000 0.000000
vt -0.134066 0.300300 0.000000
vt -0.089377 0.000000 0.000000
vt -0.089377 0.300300 0.000000
vt -0.044689 0.000000 0.000000
vt -0.044689 0.300300 0.000000
vt 0.000000 0.000000 0.000000
vt 0.000000 0.300300 0.000000
vt 0.000000 0.000000 0.000000
vt 0.044658 0.000000 0.000000
vt 0.000000 0.300300 0.000000
vt 0.044658 0.300300 0.000000
vt 0.089315 0.000000 0.000000
vt 0.089315 0.300300 0.000000
vt 0.133973 0.000000 0.000000
vt 0.133973 0.300300 0.000000
vt 0.178630 0.000000 0.000000
vt 0.178630 0.300300 0.000000
vt 0.267945 0.000000 0.000000
vt 0.267945 0.300300 0.000000
vt 0.357261 0.000000 0.000000
vt 0.357261 0.300300 0.000000
vt 0.401918 0.000000 0.000000
vt 0.401918 0.300300 0.000000
vt 0.446576 0.000000 0.000000
vt 0.446576 0.300300 0.000000
vt 0.491233 0.000000 0.000000
vt 0.491233 0.300300 0.000000
vt 0.513562 0.000000 0.000000
vt 0.513562 0.300300 0.000000
vt 0.535891 0.000000 0.000000
vt 0.535891 0.300300 0.000000
vt 0.547055 0.000000 0.000000
vt 0.547055 0.300300 0.000000
vt 0.558220 0.000000 0.000000
vt 0.558220 0.300300 0.000000
vt 0.569384 0.000000 0.000000
vt 0.569384 0.300300 0.000000
vt 0.580548 0.000000 0.000000
vt 0.580548 0.300300 0.000000
vt 0.591713 0.000000 0.000000
vt 0.591713 0.300300 0.000000
vt 0.602877 0.000000 0.000000
vt 0.602877 0.300300 0.000000
vt 0.614042 0.000000 0.000000
vt 0.614042 0.300300 0.000000
vt 0.625206 0.000000 0.000000
vt 0.625206 0.300300 0.000000
vt 0.647535 0.000000 0.000000
vt 0.647535 0.300300 0.000000
vt 0.669864 0.000000 0.000000
vt 0.669864 0.300300 0.000000
vt 0.714521 0.000000 0.000000
vt 0.714521 0.300300 0.000000
vt 0.803836 0.000000 0.000000
vt 0.803836 0.300300 0.000000
vt 0.893151 0.000000 0.000000
vt 0.893151 0.300300 0.000000
vt 0.937809 0.000000 0.000000
vt 0.937809 0.300300 0.000000
vt 0.982467 0.000000 0.000000
vt 0.982467 0.300300 0.000000
vt 1.027124 0.000000 0.000000
vt 1.027124 0.300300 0.000000
vt 1.049453 0.000000 0.000000
vt 1.049453 0.300300 0.000000
vt 1.071782 0.000000 0.000000
vt 1.071782 0.300300 0.000000
vt 1.094111 0.000000 0.000000
vt 1.094111 0.300300 0.000000
vt 1.116439 0.000000 0.000000
vt 1.116439 0.300300 0.000000
vt 1.138768 0.000000 0.000000
vt 1.138768 0.300300 0.000000
vt 1.161097 0.000000 0.000000
vt 1.161097 0.300300 0.000000
vt 1.205755 0.000000 0.000000
vt 1.205755 0.300300 0.000000
vt 1.250412 0.000000 0.000000
vt 1.250412 0.300300 0.000000
vt 1.339727 0.000000 0.000000
vt 1.339727 0.300300 0.000000
vt 1.429042 0.000000 0.000000
vt 1.429042 0.300300 0.000000
vt 1.473700 0.000000 0.000000
vt 1.473700 0.300300 0.000000
vt 1.518358 0.000000 0.000000
vt 1.518358 0.300300 0.000000
vt 1.563015 0.000000 0.000000
vt 1.563015 0.300300 0.000000
vt 1.585344 0.000000 0.000000
vt 1.585344 0.300300 0.000000
vt 1.607673 0.000000 0.000000
vt 1.607673 0.300300 0.000000
vt 1.618837 0.000000 0.000000
vt 1.618837 0.300300 0.000000
vt 1.630001 0.000000 0.000000
vt 1.630001 0.300300 0.000000
vt 1.641166 0.000000 0.000000
vt 1.641166 0.300300 0.000000
vt 1.652330 0.000000 0.000000
vt 1.652330 0.300300 0.000000
vt 1.663495 0.000000 0.000000
vt 1.663495 0.300300 0.000000
vt 1.674659 0.000000 0.000000
vt 1.674659 0.300300 0.000000
vt 1.696988 0.000000 0.000000
vt 1.696988 0.300300 0.000000
vt 1.719317 0.000000 0.000000
vt 1.719317 0.300300 0.000000
vt 1.741645 0.000000 0.000000
vt 1.741645 0.300300 0.000000
vt 1.786303 0.000000 0.000000
vt 1.786303 0.300300 0.000000
vt 1.830961 0.000000 0.000000
vt 1.830961 0.300300 0.000000
vt 1.875618 0.000000 0.000000
vt 1.875618 0.300300 0.000000
vt 1.964933 0.000000 0.000000
vt 1.964933 0.300300 0.000000
vt 2.054248 0.000000 0.000000
vt 2.054248 0.300300 0.000000
vt 2.143564 0.000000 0.000000
vt 2.143564 0.300300 0.000000
vt 2.188221 0.000000 0.000000
vt 2.188221 0.300300 0.000000
vt 2.232879 0.000000 0.000000
vt 2.232879 0.300300 0.000000
vt 2.277536 0.000000 0.000000
vt 2.277536 0.300300 0.000000
vt 2.299865 0.000000 0.000000
vt 2.299865 0.300300 0.000000
vt 2.322194 0.000000 0.000000
vt 2.322194 0.300300 0.000000
vt 2.344523 0.000000 0.000000
vt 2.344523 0.300300 0.000000
vt 2.366851 0.000000 0.000000
vt 2.366851 0.300300 0.000000
vt 2.389180 0.000000 0.000000
vt 2.389180 0.300300 0.000000
vt 2.411509 0.000000 0.000000
vt 2.411509 0.300300 0.000000
vt 2.456167 0.000000 0.000000
vt 2.456167 0.300300 0.000000
vt 2.500824 0.000000 0.000000
vt 2.500824 0.300300 0.000000
vt 2.545482 0.000000 0.000000
vt 2.545482 0.300300 0.000000
vt 2.590139 0.000000 0.000000
vt 2.590139 0.300300 0.000000
vt 2.634797 0.000000 0.000000
vt 2.634797 0.300300 0.000000
vt 2.679454 0.000000 0.000000
vt 2.679454 0.300300 0.000000
vt 2.724112 0.000000 0.000000
vt 2.724112 0.300300 0.000000
vt 2.768770 0.000000 0.000000
vt 2.768770 0.300300 0.000000
vt 2.813427 0.000000 0.000000
vt 2.813427 0.300300 0.000000
vt 2.858085 0.000000 0.000000
vt 2.858085 0.300300 0.000000
vt 0.669606 -0.588341 0.000000
vt 0.537713 -0.204112 0.000000
vt 0.650000 -0.612594 0.000000
vt 0.135588 -0.139192 0.000000
vt 0.126340 -0.138326 0.000000
vt 0.693037 -0.557028 0.000000
vt 0.551077 -0.210210 0.000000
vt 0.719690 -0.519436 0.000000
vt 0.565858 -0.214123 0.000000
vt 0.748650 -0.476755 0.000000
vt 0.599262 -0.215797 0.000000
vt 0.808696 -0.382345 0.000000
vt 0.636851 -0.210299 0.000000
vt 0.862344 -0.287851 0.000000
vt 0.677230 -0.199266 0.000000
vt 0.883227 -0.245160 0.000000
vt 0.759836 -0.168601 0.000000
vt 0.898426 -0.207736 0.000000
vt 0.833449 -0.140923 0.000000
vt 0.906876 -0.176954 0.000000
vt 0.908307 -0.164392 0.000000
vt 0.862839 -0.133402 0.000000
vt 0.907775 -0.153843 0.000000
vt 0.906757 -0.149343 0.000000
vt 0.875089 -0.131989 0.000000
vt 0.905235 -0.145365 0.000000
vt 0.903205 -0.141910 0.000000
vt 0.900669 -0.138978 0.000000
vt 0.897629 -0.136564 0.000000
vt 0.894090 -0.134664 0.000000
vt 0.890057 -0.133268 0.000000
vt 0.885539 -0.132366 0.000000
vt 0.145111 -0.137801 0.000000
vt 0.525835 -0.195780 0.000000
vt 0.154903 -0.134242 0.000000
vt 0.515481 -0.185207 0.000000
vt 0.506659 -0.172428 0.000000
vt 0.175252 -0.121015 0.000000
vt 0.499347 -0.157523 0.000000
vt 0.196552 -0.100394 0.000000
vt 0.489011 -0.121870 0.000000
vt 0.218703 -0.073418 0.000000
vt 0.483725 -0.079697 0.000000
vt 0.265067 -0.005380 0.000000
vt 0.483784 0.016200 0.000000
vt 0.313123 0.071893 0.000000
vt 0.488989 0.111944 0.000000
vt 0.361127 0.145997 0.000000
vt 0.490075 0.153813 0.000000
vt 0.384342 0.177933 0.000000
vt 0.488562 0.188840 0.000000
vt 0.406524 0.204477 0.000000
vt 0.427240 0.224293 0.000000
vt 0.483603 0.215359 0.000000
vt 0.436891 0.231299 0.000000
vt 0.479673 0.225055 0.000000
vt 0.445967 0.236185 0.000000
vt 0.474751 0.232256 0.000000
vt 0.471922 0.234910 0.000000
vt 0.454382 0.238824 0.000000
vt 0.468856 0.236933 0.000000
vt 0.458312 0.239265 0.000000
vt 0.465559 0.238328 0.000000
vt 0.462041 0.239103 0.000000
vt 0.117377 -0.135124 0.000000
vt -0.117377 -0.135124 0.000000
vt -0.126340 -0.138326 0.000000
vt -0.650000 -0.612594 0.000000
vt -0.135588 -0.139192 0.000000
vt -0.537713 -0.204112 0.000000
vt -0.145111 -0.137801 0.000000
vt -0.525835 -0.195780 0.000000
vt -0.154903 -0.134242 0.000000
vt -0.515481 -0.185207 0.000000
vt -0.506659 -0.172428 0.000000
vt -0.175252 -0.121015 0.000000
vt -0.499347 -0.157523 0.000000
vt -0.196552 -0.100394 0.000000
vt -0.489011 -0.121870 0.000000
vt -0.218703 -0.073418 0.000000
vt -0.483725 -0.079697 0.000000
vt -0.265067 -0.005380 0.000000
vt -0.483784 0.016200 0.000000
vt -0.313123 0.071893 0.000000
vt -0.488989 0.111944 0.000000
vt -0.361127 0.145997 0.000000
vt -0.490075 0.153813 0.000000
vt -0.384342 0.177933 0.000000
vt -0.488562 0.188840 0.000000
vt -0.406524 0.204477 0.000000
vt -0.427240 0.224293 0.000000
vt -0.108704 -0.129511 0.000000
vt 0.108704 -0.129511 0.000000
vt -0.100329 -0.121424 0.000000
vt 0.100329 -0.121424 0.000000
vt -0.084489 -0.097596 0.000000
vt 0.084489 -0.097596 0.000000
vt -0.069896 -0.063250 0.000000
vt 0.069896 -0.063250 0.000000
vt -0.056575 -0.018085 0.000000
vt 0.056575 -0.018085 0.000000
vt -0.044548 0.038121 0.000000
vt 0.044548 0.038121 0.000000
vt -0.033827 0.105520 0.000000
vt 0.033827 0.105520 0.000000
vt -0.024421 0.184212 0.000000
vt 0.024421 0.184212 0.000000
vt -0.016335 0.274252 0.000000
vt 0.016335 0.274252 0.000000
vt -0.009570 0.375661 0.000000
vt 0.009570 0.375661 0.000000
vt -0.004125 0.488444 0.000000
vt 0.004125 0.488444 0.000000
vt 0.000000 0.612594 0.000000
vt -0.483603 0.215359 0.000000
vt -0.436891 0.231299 0.000000
vt -0.479673 0.225055 0.000000
vt -0.445967 0.236185 0.000000
vt -0.474751 0.232256 0.000000
vt -0.471922 0.234910 0.000000
vt -0.454382 0.238824 0.000000
vt -0.468856 0.236933 0.000000
vt -0.458312 0.239265 0.000000
vt -0.465559 0.238328 0.000000
vt -0.462041 0.239103 0.000000
vt -0.551077 -0.210210 0.000000
vt -0.693037 -0.557028 0.000000
vt -0.669606 -0.588341 0.000000
vt -0.719690 -0.519436 0.000000
vt -0.565858 -0.214123 0.000000
vt -0.748650 -0.476755 0.000000
vt -0.599262 -0.215797 0.000000
vt -0.808696 -0.382345 0.000000
vt -0.636851 -0.210299 0.000000
vt -0.862344 -0.287851 0.000000
vt -0.677230 -0.199266 0.000000
vt -0.883227 -0.245160 0.000000
vt -0.759836 -0.168601 0.000000
vt -0.898426 -0.207736 0.000000
vt -0.833449 -0.140923 0.000000
vt -0.906876 -0.176954 0.000000
vt -0.908307 -0.164392 0.000000
vt -0.862839 -0.133402 0.000000
vt -0.907775 -0.153843 0.000000
vt -0.906757 -0.149343 0.000000
vt -0.875089 -0.131989 0.000000
vt -0.905235 -0.145365 0.000000
vt -0.903205 -0.141910 0.000000
vt -0.900669 -0.138978 0.000000
vt -0.897629 -0.136564 0.000000
vt -0.894090 -0.134664 0.000000
vt -0.890057 -0.133268 0.000000
vt -0.885539 -0.132366 0.000000
vt -0.000000 0.000000 0.000000
vt 1.414159 0.000000 0.000000
vt -0.000000 0.300300 0.000000
vt 1.414159 0.300300 0.000000
vt 0.000000 0.000000 0.000000
vt 1.300000 0.000000 0.000000
vt 0.000000 0.300300 0.000000
vt 1.300000 0.300300 0.000000
vt 0.000000 0.000000 0.000000
vt 2.346056 0.000000 0.000000
vt 0.000000 0.300300 0.000000
vt 2.346056 0.300300 0.000000
vt 0.000000 0.000000 0.000000
vt 1.599510 0.000000 0.000000
vt 0.000000 0.300300 0.000000
vt 1.599510 0.300300 0.000000
vt -0.650000 1.173028 0.000000
vt -0.650000 -1.173028 0.000000
vt 0.650000 0.241131 0.000000
vt 0.650000 -1.173028 0.000000
vt -0.000000 0.500000 0.000000
vt 0.800000 0.500000 0.000000
vt -0.000000 0.800300 0.000000
vt 0.800000 0.800300 0.000000
vt 0.000000 0.500000 0.000000
vt 9.000000 0.500000 0.000000
vt -0.000000 0.800300 0.000000
vt 9.000000 0.800300 0.000000
vt 0.000000 0.500000 0.000000
vt 9.000000 0.500000 0.000000
vt 0.000000 0.800300 0.000000
vt 9.000000 0.800300 0.000000
vt 0.000000 0.500000 0.000000
vt 0.800000 0.500000 0.000000
vt 0.000000 0.800300 0.000000
vt 0.800000 0.800300 0.000000
vt 3.424325 -2.946862 0.000000
vt 3.890416 -2.296663 0.000000
vt -3.890416 2.296663 0.000000
vt -3.424325 2.946862 0.000000
vt 0.800300 -15.393804 0.000000
vt 0.500000 -15.393804 0.000000
vt 0.800300 -15.707963 0.000000
vt 0.500000 -15.707963 0.000000
vt 0.800300 15.707963 0.000000
vt 0.500000 15.707963 0.000000
vt 0.800300 15.393804 0.000000
vt 0.500000 15.393804 0.000000
vt 0.800300 15.079645 0.000000
vt 0.500000 15.079645 0.000000
vt 0.500000 14.765485 0.000000
vt 0.800300 -15.079645 0.000000
vt 0.500000 -15.079645 0.000000
vt 0.800300 -14.765485 0.000000
vt 0.500000 -14.765485 0.000000
vt 0.800300 -14.451326 0.000000
vt 0.500000 -14.451326 0.000000
vt 0.800300 -14.137167 0.000000
vt 0.500000 -14.137167 0.000000
vt 0.800300 -13.823008 0.000000
vt 0.500000 -13.823008 0.000000
vt 0.800300 -13.508848 0.000000
vt 0.500000 -13.508848 0.000000
vt 0.800300 -13.194689 0.000000
vt 0.500000 -13.194689 0.000000
vt 0.800300 -12.880530 0.000000
vt 0.500000 -12.880530 0.000000
vt 0.800300 -12.566371 0.000000
vt 0.500000 -12.566371 0.000000
vt 0.800300 -12.252211 0.000000
vt 0.500000 -12.252211 0.000000
vt 0.800300 -11.938052 0.000000
vt 0.500000 -11.938052 0.000000
vt 0.800300 -11.623893 0.000000
vt 0.500000 -11.623893 0.000000
vt 0.800300 -11.309734 0.000000
vt 0.500000 -11.309734 0.000000
vt 0.800300 -10.995574 0.000000
vt 0.500000 -10.995574 0.000000
vt 0.800300 -10.681415 0.000000
vt 0.500000 -10.681415 0.000000
vt 0.800300 -10.367256 0.000000
vt 0.500000 -10.367256 0.000000
vt 0.800300 -10.053096 0.000000
vt 0.500000 -10.053096 0.000000
vt 0.800300 -9.738937 0.000000
vt 0.500000 -9.738937 0.000000
vt 0.800300 -9.424778 0.000000
vt 0.500000 -9.424778 0.000000
vt 0.800300 -9.110619 0.000000
vt 0.500000 -9.110619 0.000000
vt 0.800300 -8.796459 0.000000
vt 0.500000 -8.796459 0.000000
vt 0.800300 -8.482300 0.000000
vt 0.500000 -8.482300 0.000000
vt 0.800300 -8.168141 0.000000
vt 0.500000 -8.168141 0.000000
vt 0.800300 -7.853982 0.000000
vt 0.500000 -7.853982 0.000000
vt 0.800300 -7.539822 0.000000
vt 0.500000 -7.539822 0.000000
vt 0.800300 -7.225663 0.000000
vt 0.500000 -7.225663 0.000000
vt 0.800300 -6.911504 0.000000
vt 0.500000 -6.911504 0.000000
vt 0.800300 -6.597345 0.000000
vt 0.500000 -6.597345 0.000000
vt 0.800300 -6.283185 0.000000
vt 0.500000 -6.283185 0.000000
vt 0.800300 -5.969026 0.000000
vt 0.500000 -5.969026 0.000000
vt 0.800300 -5.654867 0.000000
vt 0.500000 -5.654867 0.000000
vt 0.800300 -5.340708 0.000000
vt 0.500000 -5.340708 0.000000
vt 0.800300 -5.026548 0.000000
vt 0.500000 -5.026548 0.000000
vt 0.800300 -4.712389 0.000000
vt 0.500000 -4.712389 0.000000
vt 0.800300 -4.398230 0.000000
vt 0.500000 -4.398230 0.000000
vt 0.800300 -4.084070 0.000000
vt 0.500000 -4.084070 0.000000
vt 0.800300 -3.769911 0.000000
vt 0.500000 -3.769911 0.000000
vt 0.800300 -3.455752 0.000000
vt 0.500000 -3.455752 0.000000
vt 0.800300 -3.141593 0.000000
vt 0.500000 -3.141593 0.000000
vt 0.800300 -2.827433 0.000000
vt 0.500000 -2.827433 0.000000
vt 0.800300 -2.513274 0.000000
vt 0.500000 -2.513274 0.000000
vt 0.800300 -2.199115 0.000000
vt 0.500000 -2.199115 0.000000
vt 0.800300 -1.884956 0.000000
vt 0.500000 -1.884956 0.000000
vt 0.800300 -1.570796 0.000000
vt 0.500000 -1.570796 0.000000
vt 0.800300 -1.256637 0.000000
vt 0.500000 -1.256637 0.000000
vt 0.800300 -0.942478 0.000000
vt 0.500000 -0.942478 0.000000
vt 0.800300 -0.628319 0.000000
vt 0.500000 -0.628319 0.000000
vt 0.800300 -0.314159 0.000000
vt 0.500000 -0.314159 0.000000
vt 0.800300 -0.000000 0.000000
vt 0.500000 0.000000 0.000000
vt 0.800300 0.314159 0.000000
vt 0.500000 0.314159 0.000000
vt 0.800300 0.628319 0.000000
vt 0.500000 0.628319 0.000000
vt 0.800300 0.942478 0.000000
vt 0.500000 0.942478 0.000000
vt 0.800300 1.256637 0.000000
vt 0.500000 1.256637 0.000000
vt 0.800300 1.570796 0.000000
vt 0.500000 1.570796 0.000000
vt 0.800300 1.884956 0.000000
vt 0.500000 1.884956 0.000000
vt 0.800300 2.199115 0.000000
vt 0.500000 2.199115 0.000000
vt 0.800300 2.513274 0.000000
vt 0.500000 2.513274 0.000000
vt 0.800300 2.827433 0.000000
vt 0.500000 2.827433 0.000000
vt 0.800300 3.141593 0.000000
vt 0.500000 3.141593 0.000000
vt 0.800300 3.455752 0.000000
vt 0.500000 3.455752 0.000000
vt 0.800300 3.769911 0.000000
vt 0.500000 3.769911 0.000000
vt 0.800300 4.084070 0.000000
vt 0.500000 4.084070 0.000000
vt 0.800300 4.398230 0.000000
vt 0.500000 4.398230 0.000000
vt 0.800300 4.712389 0.000000
vt 0.500000 4.712389 0.000000
vt 0.800300 5.026548 0.000000
vt 0.500000 5.026548 0.000000
vt 0.800300 5.340708 0.000000
vt 0.500000 5.340708 0.000000
vt 0.800300 5.654867 0.000000
vt 0.500000 5.654867 0.000000
vt 0.800300 5.969026 0.000000
vt 0.500000 5.969026 0.000000
vt 0.800300 6.283185 0.000000
vt 0.500000 6.283185 0.000000
vt 0.800300 6.597345 0.000000
vt 0.500000 6.597345 0.000000
vt 0.800300 6.911504 0.000000
vt 0.500000 6.911504 0.000000
vt 0.800300 7.225663 0.000000
vt 0.500000 7.225663 0.000000
vt 0.800300 7.539822 0.000000
vt 0.500000 7.539822 0.000000
vt 0.800300 7.853982 0.000000
vt 0.500000 7.853982 0.000000
vt 0.800300 8.168141 0.000000
vt 0.500000 8.168141 0.000000
vt 0.800300 8.482300 0.000000
vt 0.500000 8.482300 0.000000
vt 0.800300 8.796459 0.000000
vt 0.500000 8.796459 0.000000
vt 0.800300 9.110619 0.000000
vt 0.500000 9.110619 0.000000
vt 0.800300 9.424778 0.000000
vt 0.500000 9.424778 0.000000
vt 0.800300 9.738937 0.000000
vt 0.500000 9.738937 0.000000
vt 0.800300 10.053096 0.000000
vt 0.500000 10.053096 0.000000
vt 0.800300 10.367256 0.000000
vt 0.500000 10.367256 0.000000
vt 0.800300 10.681415 0.000000
vt 0.500000 10.681415 0.000000
vt 0.800300 10.995574 0.000000
vt 0.500000 10.995574 0.000000
vt 0.800300 11.309734 0.000000
vt 0.500000 11.309734 0.000000
vt 0.800300 11.623893 0.000000
vt 0.500000 11.623893 0.000000
vt 0.800300 11.938052 0.000000
vt 0.500000 11.938052 0.000000
vt 0.800300 12.252211 0.000000
vt 0.500000 12.252211 0.000000
vt 0.800300 12.566371 0.000000
vt 0.500000 12.566371 0.000000
vt 0.800300 12.880530 0.000000
vt 0.500000 12.880530 0.000000
vt 0.800300 13.194689 0.000000
vt 0.500000 13.194689 0.000000
vt 0.800300 13.508848 0.000000
vt 0.500000 13.508848 0.000000
vt 0.800300 13.823008 0.000000
vt 0.500000 13.823008 0.000000
vt 0.800300 14.137167 0.000000
vt 0.500000 14.137167 0.000000
vt 0.800300 14.451326 0.000000
vt 0.500000 14.451326 0.000000
vt 0.800300 14.765485 0.000000
vt -4.990134 0.313953 0.000000
vt -5.589977 0.334903 0.000000
vt -5.000000 -0.000000 0.000000
vt -5.600000 -0.000000 0.000000
vt -5.589977 -0.334903 0.000000
vt -5.559943 0.668608 0.000000
vt -4.960574 0.626666 0.000000
vt -5.510006 0.999919 0.000000
vt -4.911436 0.936907 0.000000
vt -5.440344 1.327650 0.000000
vt -4.842916 1.243449 0.000000
vt -5.351208 1.650629 0.000000
vt -4.755283 1.545085 0.000000
vt -5.242915 1.967699 0.000000
vt -4.648882 1.840623 0.000000
vt -5.115855 2.277725 0.000000
vt -4.524135 2.128896 0.000000
vt -4.970480 2.579598 0.000000
vt -4.381533 2.408768 0.000000
vt -4.807313 2.872236 0.000000
vt -4.221640 2.679134 0.000000
vt -4.626937 3.154592 0.000000
vt -4.045085 2.938926 0.000000
vt -4.429998 3.425656 0.000000
vt -3.852566 3.187120 0.000000
vt -4.217200 3.684457 0.000000
vt -3.644843 3.422736 0.000000
vt -3.989306 3.930068 0.000000
vt -3.422736 3.644843 0.000000
vt -3.747131 4.161611 0.000000
vt -3.187120 3.852566 0.000000
vt -3.491543 4.378256 0.000000
vt -2.938926 4.045085 0.000000
vt -3.223456 4.579229 0.000000
vt -2.679134 4.221640 0.000000
vt -2.943829 4.763808 0.000000
vt -2.408768 4.381533 0.000000
vt -2.653665 4.931335 0.000000
vt -2.128896 4.524135 0.000000
vt -2.354000 5.081209 0.000000
vt -1.840623 4.648882 0.000000
vt -2.045910 5.212893 0.000000
vt -1.545085 4.755283 0.000000
vt -1.730495 5.325916 0.000000
vt -1.408886 5.419875 0.000000
vt -1.243449 4.842916 0.000000
vt -1.082233 5.494431 0.000000
vt -0.936907 4.911436 0.000000
vt -0.751706 5.549319 0.000000
vt -0.626666 4.960574 0.000000
vt -0.418489 5.584341 0.000000
vt -0.313953 4.990134 0.000000
vt -0.083773 5.599373 0.000000
vt 0.000000 5.000000 0.000000
vt 0.251243 5.594361 0.000000
vt 0.313953 4.990134 0.000000
vt 0.585359 5.569323 0.000000
vt 0.626666 4.960574 0.000000
vt 0.917380 5.524347 0.000000
vt 0.936907 4.911436 0.000000
vt 1.246117 5.459596 0.000000
vt 1.243449 4.842916 0.000000
vt 1.570393 5.375301 0.000000
vt 1.545085 4.755283 0.000000
vt 1.889048 5.271764 0.000000
vt 1.840623 4.648882 0.000000
vt 2.200940 5.149356 0.000000
vt 2.128896 4.524135 0.000000
vt 2.504954 5.008513 0.000000
vt 2.408768 4.381533 0.000000
vt 2.800000 4.849742 0.000000
vt 2.679134 4.221640 0.000000
vt 3.085023 4.673610 0.000000
vt 2.938926 4.045085 0.000000
vt 3.359003 4.480748 0.000000
vt 3.187120 3.852566 0.000000
vt 3.620958 4.271846 0.000000
vt 3.422736 3.644843 0.000000
vt 3.869951 4.047651 0.000000
vt 3.644843 3.422736 0.000000
vt 4.105090 3.808967 0.000000
vt 3.852566 3.187120 0.000000
vt 4.325535 3.556648 0.000000
vt 4.045085 2.938926 0.000000
vt 4.530495 3.291597 0.000000
vt 4.719237 3.014763 0.000000
vt 4.221640 2.679134 0.000000
vt 4.891086 2.727137 0.000000
vt 4.381533 2.408768 0.000000
vt 5.045426 2.429749 0.000000
vt 4.524135 2.128896 0.000000
vt 5.181704 2.123663 0.000000
vt 4.648882 1.840623 0.000000
vt 5.299433 1.809974 0.000000
vt 4.755283 1.545085 0.000000
vt 5.398192 1.489806 0.000000
vt 4.842916 1.243449 0.000000
vt 5.477627 1.164305 0.000000
vt 4.911436 0.936907 0.000000
vt 5.537453 0.834637 0.000000
vt 4.960574 0.626666 0.000000
vt 5.577456 0.501980 0.000000
vt 4.990134 0.313953 0.000000
vt 5.597494 0.167527 0.000000
vt 5.000000 -0.000000 0.000000
vt 5.597494 -0.167527 0.000000
vt 4.990134 -0.313953 0.000000
vt 5.577456 -0.501980 0.000000
vt 4.960574 -0.626666 0.000000
vt 5.537453 -0.834637 0.000000
vt 4.911436 -0.936907 0.000000
vt 5.477627 -1.164305 0.000000
vt 4.842916 -1.243449 0.000000
vt 5.398192 -1.489806 0.000000
vt 4.755283 -1.545085 0.000000
vt 5.299433 -1.809974 0.000000
vt 4.648882 -1.840623 0.000000
vt 5.181704 -2.123663 0.000000
vt 4.524135 -2.128896 0.000000
vt 5.045426 -2.429749 0.000000
vt 4.381533 -2.408768 0.000000
vt 4.891086 -2.727137 0.000000
vt 4.221640 -2.679134 0.000000
vt 4.719237 -3.014763 0.000000
vt 4.045085 -2.938926 0.000000
vt 4.530495 -3.291597 0.000000
vt 4.325535 -3.556648 0.000000
vt 3.852566 -3.187120 0.000000
vt 4.105090 -3.808967 0.000000
vt 3.644843 -3.422736 0.000000
vt 3.869951 -4.047651 0.000000
vt 3.422736 -3.644843 0.000000
vt 3.620958 -4.271846 0.000000
vt 3.187120 -3.852566 0.000000
vt 3.359003 -4.480748 0.000000
vt 2.938926 -4.045085 0.000000
vt 3.085023 -4.673610 0.000000
vt 2.679134 -4.221640 0.000000
vt 2.800000 -4.849742 0.000000
vt 2.408768 -4.381533 0.000000
vt 2.504954 -5.008513 0.000000
vt 2.128896 -4.524135 0.000000
vt 2.200940 -5.149356 0.000000
vt 1.840623 -4.648882 0.000000
vt 1.889048 -5.271764 0.000000
vt 1.545085 -4.755283 0.000000
vt 1.570393 -5.375301 0.000000
vt 1.243449 -4.842916 0.000000
vt 1.246117 -5.459596 0.000000
vt 0.936907 -4.911436 0.000000
vt 0.917380 -5.524347 0.000000
vt 0.626666 -4.960574 0.000000
vt 0.585359 -5.569323 0.000000
vt 0.313953 -4.990134 0.000000
vt 0.251243 -5.594361 0.000000
vt 0.000000 -5.000000 0.000000
vt -0.083773 -5.599373 0.000000
vt -0.313953 -4.990134 0.000000
vt -0.418489 -5.584341 0.000000
vt -0.626666 -4.960574 0.000000
vt -0.751706 -5.549319 0.000000
vt -0.936907 -4.911436 0.000000
vt -1.082233 -5.494431 0.000000
vt -1.243449 -4.842916 0.000000
vt -1.408886 -5.419875 0.000000
vt -1.545085 -4.755283 0.000000
vt -1.730495 -5.325916 0.000000
vt -2.045910 -5.212893 0.000000
vt -1.840623 -4.648882 0.000000
vt -2.354000 -5.081209 0.000000
vt -2.128896 -4.524135 0.000000
vt -2.653665 -4.931335 0.000000
vt -2.408768 -4.381533 0.000000
vt -2.943829 -4.763808 0.000000
vt -2.679134 -4.221640 0.000000
vt -3.223456 -4.579229 0.000000
vt -2.938926 -4.045085 0.000000
vt -3.491543 -4.378256 0.000000
vt -3.187120 -3.852566 0.000000
vt -3.747131 -4.161611 0.000000
vt -3.422736 -3.644843 0.000000
vt -3.989306 -3.930068 0.000000
vt -3.644843 -3.422736 0.000000
vt -4.217200 -3.684457 0.000000
vt -3.852566 -3.187120 0.000000
vt -4.429998 -3.425656 0.000000
vt -4.045085 -2.938926 0.000000
vt -4.626937 -3.154592 0.000000
vt -4.221640 -2.679134 0.000000
vt -4.807313 -2.872236 0.000000
vt -4.381533 -2.408768 0.000000
vt -4.970480 -2.579598 0.000000
vt -4.524135 -2.128896 0.000000
vt -5.115855 -2.277725 0.000000
vt -4.648882 -1.840623 0.000000
vt -5.242915 -1.967699 0.000000
vt -4.755283 -1.545085 0.000000
vt -5.351208 -1.650629 0.000000
vt -4.842916 -1.243449 0.000000
vt -5.440344 -1.327650 0.000000
vt -4.911436 -0.936907 0.000000
vt -5.510006 -0.999919 0.000000
vt -4.960574 -0.626666 0.000000
vt -5.559943 -0.668608 0.000000
vt -4.990134 -0.313953 0.000000
vt -0.800300 17.257816 0.000000
vt -0.000000 17.257816 0.000000
vt -0.800300 17.592919 0.000000
vt -0.000000 17.592919 0.000000
vt -0.800300 -17.592919 0.000000
vt -0.000000 -17.592919 0.000000
vt -0.800300 -17.257816 0.000000
vt -0.000000 -17.257816 0.000000
vt -0.800300 -16.922712 0.000000
vt -0.000000 -16.922712 0.000000
vt -0.800300 -16.587609 0.000000
vt -0.000000 -16.587609 0.000000
vt -0.800300 -16.252506 0.000000
vt -0.000000 -16.252506 0.000000
vt -0.800300 -15.917403 0.000000
vt -0.000000 -15.917403 0.000000
vt -0.800300 -15.582300 0.000000
vt -0.000000 -15.582300 0.000000
vt -0.800300 -15.247196 0.000000
vt -0.000000 -15.247196 0.000000
vt -0.800300 -14.912093 0.000000
vt -0.000000 -14.912093 0.000000
vt -0.800300 -14.576990 0.000000
vt -0.000000 -14.576990 0.000000
vt -0.800300 -14.241887 0.000000
vt -0.000000 -14.241887 0.000000
vt -0.800300 -13.906783 0.000000
vt -0.000000 -13.906783 0.000000
vt -0.800300 -13.571680 0.000000
vt -0.000000 -13.571680 0.000000
vt -0.800300 -13.236577 0.000000
vt -0.000000 -13.236577 0.000000
vt -0.800300 -12.901474 0.000000
vt -0.000000 -12.901474 0.000000
vt -0.800300 -12.566371 0.000000
vt -0.000000 -12.566371 0.000000
vt -0.800300 -12.231267 0.000000
vt -0.000000 -12.231267 0.000000
vt -0.800300 -11.896164 0.000000
vt -0.000000 -11.896164 0.000000
vt -0.800300 -11.561061 0.000000
vt -0.000000 -11.561061 0.000000
vt -0.800300 -11.225958 0.000000
vt -0.000000 -11.225958 0.000000
vt -0.800300 -10.890855 0.000000
vt -0.000000 -10.890855 0.000000
vt -0.800300 -10.555751 0.000000
vt -0.000000 -10.555751 0.000000
vt -0.800300 -10.220648 0.000000
vt -0.000000 -10.220648 0.000000
vt -0.800300 -9.885545 0.000000
vt -0.000000 -9.885545 0.000000
vt -0.800300 -9.550442 0.000000
vt -0.000000 -9.550442 0.000000
vt -0.800300 -9.215338 0.000000
vt -0.000000 -9.215338 0.000000
vt -0.800300 -8.880235 0.000000
vt -0.000000 -8.880235 0.000000
vt -0.800300 -8.545132 0.000000
vt -0.000000 -8.545132 0.000000
vt -0.800300 -8.210029 0.000000
vt -0.000000 -8.210029 0.000000
vt -0.800300 -7.874926 0.000000
vt -0.000000 -7.874926 0.000000
vt -0.800300 -7.539822 0.000000
vt -0.000000 -7.539822 0.000000
vt -0.800300 -7.204719 0.000000
vt -0.000000 -7.204719 0.000000
vt -0.800300 -6.869616 0.000000
vt -0.000000 -6.869616 0.000000
vt -0.800300 -6.534513 0.000000
vt -0.000000 -6.534513 0.000000
vt -0.800300 -6.199410 0.000000
vt -0.000000 -6.199410 0.000000
vt -0.800300 -5.864306 0.000000
vt -0.000000 -5.864306 0.000000
vt -0.800300 -5.529203 0.000000
vt -0.000000 -5.529203 0.000000
vt -0.800300 -5.194100 0.000000
vt -0.000000 -5.194100 0.000000
vt -0.800300 -4.858997 0.000000
vt -0.000000 -4.858997 0.000000
vt -0.800300 -4.523893 0.000000
vt -0.000000 -4.523893 0.000000
vt -0.800300 -4.188790 0.000000
vt -0.000000 -4.188790 0.000000
vt -0.800300 -3.853687 0.000000
vt -0.000000 -3.853687 0.000000
vt -0.800300 -3.518584 0.000000
vt -0.000000 -3.518584 0.000000
vt -0.800300 -3.183481 0.000000
vt -0.000000 -3.183481 0.000000
vt -0.800300 -2.848377 0.000000
vt -0.000000 -2.848377 0.000000
vt -0.800300 -2.513274 0.000000
vt -0.000000 -2.513274 0.000000
vt -0.800300 -2.178171 0.000000
vt -0.000000 -2.178171 0.000000
vt -0.800300 -1.843068 0.000000
vt -0.000000 -1.843068 0.000000
vt -0.800300 -1.507964 0.000000
vt -0.000000 -1.507964 0.000000
vt -0.800300 -1.172861 0.000000
vt -0.000000 -1.172861 0.000000
vt -0.800300 -0.837758 0.000000
vt -0.000000 -0.837758 0.000000
vt -0.800300 -0.502655 0.000000
vt -0.000000 -0.502655 0.000000
vt -0.800300 -0.167552 0.000000
vt -0.000000 -0.167552 0.000000
vt -0.800300 0.167552 0.000000
vt -0.000000 0.167552 0.000000
vt -0.800300 0.502655 0.000000
vt -0.000000 0.502655 0.000000
vt -0.800300 0.837758 0.000000
vt -0.000000 0.837758 0.000000
vt -0.800300 1.172861 0.000000
vt -0.000000 1.172861 0.000000
vt -0.800300 1.507964 0.000000
vt -0.000000 1.507964 0.000000
vt -0.800300 1.843068 0.000000
vt -0.000000 1.843068 0.000000
vt -0.800300 2.178171 0.000000
vt -0.000000 2.178171 0.000000
vt -0.800300 2.513274 0.000000
vt -0.000000 2.513274 0.000000
vt -0.800300 2.848377 0.000000
vt -0.000000 2.848377 0.000000
vt -0.800300 3.183481 0.000000
vt -0.000000 3.183481 0.000000
vt -0.800300 3.518584 0.000000
vt -0.000000 3.518584 0.000000
vt -0.800300 3.853687 0.000000
vt -0.000000 3.853687 0.000000
vt -0.800300 4.188790 0.000000
vt -0.000000 4.188790 0.000000
vt -0.800300 4.523893 0.000000
vt -0.000000 4.523893 0.000000
vt -0.800300 4.858997 0.000000
vt -0.000000 4.858997 0.000000
vt -0.800300 5.194100 0.000000
vt -0.000000 5.194100 0.000000
vt -0.800300 5.529203 0.000000
vt -0.000000 5.529203 0.000000
vt -0.800300 5.864306 0.000000
vt -0.000000 5.864306 0.000000
vt -0.800300 6.199410 0.000000
vt -0.000000 6.199410 0.000000
vt -0.800300 6.534513 0.000000
vt -0.000000 6.534513 0.000000
vt -0.800300 6.869616 0.000000
vt -0.000000 6.869616 0.000000
vt -0.800300 7.204719 0.000000
vt -0.000000 7.204719 0.000000
vt -0.800300 7.539822 0.000000
vt -0.000000 7.539822 0.000000
vt -0.800300 7.874926 0.000000
vt -0.000000 7.874926 0.000000
vt -0.800300 8.210029 0.000000
vt -0.000000 8.210029 0.000000
vt -0.800300 8.545132 0.000000
vt -0.000000 8.545132 0.000000
vt -0.800300 8.880235 0.000000
vt -0.000000 8.880235 0.000000
vt -0.800300 9.215338 0.000000
vt -0.000000 9.215338 0.000000
vt -0.800300 9.550442 0.000000
vt -0.000000 9.550442 0.000000
vt -0.800300 9.885545 0.000000
vt -0.000000 9.885545 0.000000
vt -0.800300 10.220648 0.000000
vt -0.000000 10.220648 0.000000
vt -0.800300 10.555751 0.000000
vt -0.000000 10.555751 0.000000
vt -0.800300 10.890855 0.000000
vt -0.000000 10.890855 0.000000
vt -0.800300 11.225958 0.000000
vt -0.000000 11.225958 0.000000
vt -0.800300 11.561061 0.000000
vt -0.000000 11.561061 0.000000
vt -0.800300 11.896164 0.000000
vt -0.000000 11.896164 0.000000
vt -0.800300 12.231267 0.000000
vt -0.000000 12.231267 0.000000
vt -0.800300 12.566371 0.000000
vt -0.000000 12.566371 0.000000
vt -0.800300 12.901474 0.000000
vt -0.000000 12.901474 0.000000
vt -0.800300 13.236577 0.000000
vt -0.000000 13.236577 0.000000
vt -0.800300 13.571680 0.000000
vt -0.000000 13.571680 0.000000
vt -0.800300 13.906783 0.000000
vt -0.000000 13.906783 0.000000
vt -0.800300 14.241887 0.000000
vt -0.000000 14.241887 0.000000
vt -0.800300 14.576990 0.000000
vt -0.000000 14.576990 0.000000
vt -0.800300 14.912093 0.000000
vt -0.000000 14.912093 0.000000
vt -0.800300 15.247196 0.000000
vt -0.000000 15.247196 0.000000
vt -0.800300 15.582300 0.000000
vt -0.000000 15.582300 0.000000
vt -0.800300 15.917403 0.000000
vt -0.000000 15.917403 0.000000
vt -0.800300 16.252506 0.000000
vt -0.000000 16.252506 0.000000
vt -0.800300 16.587609 0.000000
vt -0.000000 16.587609 0.000000
vt -0.800300 16.922712 0.000000
vt -0.000000 16.922712 0.000000
vt 0.650000 0.276543 0.000000
vt -0.650000 1.208440 0.000000
vt -3.424325 2.946862 0.000000
vt -0.650000 2.503989 0.000000
vt -0.643816 2.669648 0.000000
vt -0.625599 2.826157 0.000000
vt -2.938926 4.045085 0.000000
vt -3.187120 3.852566 0.000000
vt -2.679134 4.221640 0.000000
vt -0.596270 2.973419 0.000000
vt -2.408768 4.381533 0.000000
vt -0.557242 3.111284 0.000000
vt -2.128896 4.524135 0.000000
vt -0.510313 3.239547 0.000000
vt -1.840623 4.648882 0.000000
vt -0.457538 3.357966 0.000000
vt -1.545085 4.755283 0.000000
vt -0.401080 3.466265 0.000000
vt -1.243449 4.842916 0.000000
vt -0.343067 3.564156 0.000000
vt -0.285510 3.651339 0.000000
vt -0.936907 4.911436 0.000000
vt -0.230260 3.727515 0.000000
vt -0.178957 3.792393 0.000000
vt -0.132885 3.845707 0.000000
vt -0.626666 4.960574 0.000000
vt -0.092692 3.887246 0.000000
vt -0.058111 3.916886 0.000000
vt -0.313953 4.990134 0.000000
vt -0.027877 3.934609 0.000000
vt -0.013787 3.939021 0.000000
vt 0.000000 5.000000 0.000000
vt 0.000000 3.940487 0.000000
vt 0.013787 3.939028 0.000000
vt 0.313953 4.990134 0.000000
vt 0.027877 3.934668 0.000000
vt 0.058111 3.917348 0.000000
vt 0.626666 4.960574 0.000000
vt 0.092692 3.888734 0.000000
vt 0.132885 3.849006 0.000000
vt 0.178957 3.798278 0.000000
vt 0.936907 4.911436 0.000000
vt 0.230260 3.736595 0.000000
vt 0.285510 3.663956 0.000000
vt 1.243449 4.842916 0.000000
vt 0.343067 3.580324 0.000000
vt 0.401080 3.485636 0.000000
vt 1.545085 4.755283 0.000000
vt 0.457538 3.379806 0.000000
vt 1.840623 4.648882 0.000000
vt 0.510313 3.262721 0.000000
vt 2.128896 4.524135 0.000000
vt 0.557242 3.134252 0.000000
vt 2.408768 4.381533 0.000000
vt 0.596270 2.994261 0.000000
vt 2.679134 4.221640 0.000000
vt 0.625599 2.842620 0.000000
vt 2.938926 4.045085 0.000000
vt 0.643816 2.679221 0.000000
vt 3.187120 3.852566 0.000000
vt 0.650000 2.503989 0.000000
vt 3.422736 3.644843 0.000000
vt 3.644843 3.422736 0.000000
vt 3.852566 3.187120 0.000000
vt 4.045085 2.938926 0.000000
vt 4.221640 2.679134 0.000000
vt 4.381533 2.408768 0.000000
vt 4.524135 2.128896 0.000000
vt 4.648882 1.840623 0.000000
vt 4.755283 1.545085 0.000000
vt 4.842916 1.243449 0.000000
vt 4.911436 0.936907 0.000000
vt 4.960574 0.626666 0.000000
vt 4.990134 0.313953 0.000000
vt 5.000000 0.000000 0.000000
vt 4.990134 -0.313953 0.000000
vt 4.960574 -0.626666 0.000000
vt 3.890416 -2.296663 0.000000
vt 4.911436 -0.936907 0.000000
vt 4.842916 -1.243449 0.000000
vt 4.755283 -1.545085 0.000000
vt 4.648882 -1.840623 0.000000
vt 4.524135 -2.128896 0.000000
vt 4.381533 -2.408768 0.000000
vt 4.221640 -2.679134 0.000000
vt 4.045085 -2.938926 0.000000
vt 3.424325 -2.946862 0.000000
vt 3.852566 -3.187120 0.000000
vt 3.644843 -3.422736 0.000000
vt 3.422736 -3.644843 0.000000
vt 3.187120 -3.852566 0.000000
vt 2.938926 -4.045085 0.000000
vt 0.906876 -3.314827 0.000000
vt 2.679134 -4.221640 0.000000
vt 0.908307 -3.327389 0.000000
vt 2.408768 -4.381533 0.000000
vt 0.907775 -3.337938 0.000000
vt 0.906757 -3.342438 0.000000
vt -0.669606 -2.903440 0.000000
vt -0.650000 -2.879187 0.000000
vt -0.650000 -2.622599 0.000000
vt 0.650000 -2.879187 0.000000
vt 0.650000 -2.622599 0.000000
vt 0.669606 -2.903440 0.000000
vt 0.693037 -2.934753 0.000000
vt 0.719690 -2.972345 0.000000
vt 0.748650 -3.015027 0.000000
vt 0.808696 -3.109437 0.000000
vt 0.862344 -3.203931 0.000000
vt 0.883227 -3.246621 0.000000
vt 0.898426 -3.284045 0.000000
vt 2.128896 -4.524135 0.000000
vt 0.905235 -3.346417 0.000000
vt 0.903205 -3.349872 0.000000
vt 1.840623 -4.648882 0.000000
vt 0.900669 -3.352804 0.000000
vt 1.545085 -4.755283 0.000000
vt 0.897629 -3.355217 0.000000
vt 0.894090 -3.357117 0.000000
vt 0.890057 -3.358513 0.000000
vt 0.479673 -3.716836 0.000000
vt 1.243449 -4.842916 0.000000
vt 0.483603 -3.707141 0.000000
vt 0.885539 -3.359415 0.000000
vt 0.875089 -3.359792 0.000000
vt 0.488562 -3.680621 0.000000
vt 0.862839 -3.358379 0.000000
vt 0.490075 -3.645594 0.000000
vt 0.833449 -3.350858 0.000000
vt 0.488989 -3.603725 0.000000
vt 0.759836 -3.323180 0.000000
vt 0.483784 -3.507981 0.000000
vt 0.677230 -3.292515 0.000000
vt 0.483725 -3.412084 0.000000
vt 0.636851 -3.281482 0.000000
vt 0.489011 -3.369912 0.000000
vt 0.599262 -3.275984 0.000000
vt 0.499347 -3.334259 0.000000
vt 0.506659 -3.319353 0.000000
vt 0.515481 -3.306574 0.000000
vt 0.525835 -3.296001 0.000000
vt 0.537713 -3.287669 0.000000
vt 0.551077 -3.281572 0.000000
vt 0.565858 -3.277658 0.000000
vt 0.474751 -3.724037 0.000000
vt 0.936907 -4.911436 0.000000
vt 0.471922 -3.726691 0.000000
vt 0.468856 -3.728714 0.000000
vt 0.465559 -3.730110 0.000000
vt 0.626666 -4.960574 0.000000
vt 0.462041 -3.730884 0.000000
vt 0.000000 -4.104375 0.000000
vt 0.458312 -3.731046 0.000000
vt 0.454382 -3.730605 0.000000
vt 0.445967 -3.727967 0.000000
vt 0.004125 -3.980225 0.000000
vt 0.436891 -3.723080 0.000000
vt 0.427240 -3.716074 0.000000
vt 0.009570 -3.867443 0.000000
vt 0.406524 -3.696258 0.000000
vt 0.016335 -3.766033 0.000000
vt 0.384342 -3.669714 0.000000
vt 0.361127 -3.637779 0.000000
vt 0.024421 -3.675994 0.000000
vt 0.313123 -3.563674 0.000000
vt 0.033827 -3.597302 0.000000
vt 0.265067 -3.486401 0.000000
vt 0.044548 -3.529902 0.000000
vt 0.056575 -3.473697 0.000000
vt 0.218703 -3.418363 0.000000
vt 0.069896 -3.428531 0.000000
vt 0.196552 -3.391388 0.000000
vt 0.084489 -3.394185 0.000000
vt 0.175252 -3.370766 0.000000
vt 0.154903 -3.357539 0.000000
vt 0.100329 -3.370358 0.000000
vt 0.145111 -3.353980 0.000000
vt 0.108704 -3.362270 0.000000
vt 0.117377 -3.356658 0.000000
vt 0.135588 -3.352589 0.000000
vt 0.126340 -3.353455 0.000000
vt -0.004125 -3.980225 0.000000
vt -0.445967 -3.727967 0.000000
vt -0.454382 -3.730605 0.000000
vt -0.458312 -3.731046 0.000000
vt -0.009570 -3.867443 0.000000
vt -0.427240 -3.716074 0.000000
vt -0.436891 -3.723080 0.000000
vt -0.406524 -3.696258 0.000000
vt -0.016335 -3.766033 0.000000
vt -0.384342 -3.669714 0.000000
vt -0.361127 -3.637779 0.000000
vt -0.024421 -3.675994 0.000000
vt -0.313123 -3.563674 0.000000
vt -0.033827 -3.597302 0.000000
vt -0.265067 -3.486401 0.000000
vt -0.044548 -3.529902 0.000000
vt -0.056575 -3.473697 0.000000
vt -0.218703 -3.418363 0.000000
vt -0.069896 -3.428531 0.000000
vt -0.196552 -3.391388 0.000000
vt -0.084489 -3.394185 0.000000
vt -0.175252 -3.370766 0.000000
vt -0.154903 -3.357539 0.000000
vt -0.100329 -3.370358 0.000000
vt -0.145111 -3.353980 0.000000
vt -0.108704 -3.362270 0.000000
vt -0.117377 -3.356658 0.000000
vt -0.126340 -3.353455 0.000000
vt -0.135588 -3.352589 0.000000
vt -0.462041 -3.730884 0.000000
vt -0.626666 -4.960574 0.000000
vt -0.313953 -4.990134 0.000000
vt -0.465559 -3.730110 0.000000
vt -0.936907 -4.911436 0.000000
vt -0.468856 -3.728714 0.000000
vt -0.471922 -3.726691 0.000000
vt -0.474751 -3.724037 0.000000
vt -1.243449 -4.842916 0.000000
vt -0.479673 -3.716836 0.000000
vt -0.894090 -3.357117 0.000000
vt -0.890057 -3.358513 0.000000
vt -0.483603 -3.707141 0.000000
vt -0.885539 -3.359415 0.000000
vt -0.875089 -3.359792 0.000000
vt -0.488562 -3.680621 0.000000
vt -0.862839 -3.358379 0.000000
vt -0.490075 -3.645594 0.000000
vt -0.833449 -3.350858 0.000000
vt -0.488989 -3.603725 0.000000
vt -0.759836 -3.323180 0.000000
vt -0.483784 -3.507981 0.000000
vt -0.677230 -3.292515 0.000000
vt -0.483725 -3.412084 0.000000
vt -0.636851 -3.281482 0.000000
vt -0.489011 -3.369912 0.000000
vt -0.599262 -3.275984 0.000000
vt -0.499347 -3.334259 0.000000
vt -0.506659 -3.319353 0.000000
vt -0.515481 -3.306574 0.000000
vt -0.525835 -3.296001 0.000000
vt -0.537713 -3.287669 0.000000
vt -0.551077 -3.281572 0.000000
vt -0.565858 -3.277658 0.000000
vt -1.545085 -4.755283 0.000000
vt -0.897629 -3.355217 0.000000
vt -0.900669 -3.352804 0.000000
vt -1.840623 -4.648882 0.000000
vt -0.903205 -3.349872 0.000000
vt -2.128896 -4.524135 0.000000
vt -0.905235 -3.346417 0.000000
vt -0.906757 -3.342438 0.000000
vt -2.408768 -4.381533 0.000000
vt -0.907775 -3.337938 0.000000
vt -0.908307 -3.327389 0.000000
vt -2.679134 -4.221640 0.000000
vt -0.906876 -3.314827 0.000000
vt -2.938926 -4.045085 0.000000
vt -0.898426 -3.284045 0.000000
vt -3.187120 -3.852566 0.000000
vt -0.883227 -3.246621 0.000000
vt -3.422736 -3.644843 0.000000
vt -0.862344 -3.203931 0.000000
vt -0.808696 -3.109437 0.000000
vt -0.748650 -3.015027 0.000000
vt -0.719690 -2.972345 0.000000
vt -0.693037 -2.934753 0.000000
vt -0.650000 -0.276543 0.000000
vt 0.650000 -1.208440 0.000000
vt -4.221640 -2.679134 0.000000
vt -4.045085 -2.938926 0.000000
vt -3.852566 -3.187120 0.000000
vt -3.890416 2.296663 0.000000
vt -4.960574 0.626666 0.000000
vt -4.990134 0.313953 0.000000
vt -4.045085 2.938926 0.000000
vt -4.221640 2.679134 0.000000
vt -4.381533 2.408768 0.000000
vt -5.000000 -0.000000 0.000000
vt -4.990134 -0.313953 0.000000
vt -4.960574 -0.626666 0.000000
vt -4.911436 -0.936907 0.000000
vt -4.842916 -1.243449 0.000000
vt -4.755283 -1.545085 0.000000
vt -4.648882 -1.840623 0.000000
vt -4.524135 -2.128896 0.000000
vt -4.381533 -2.408768 0.000000
vt -3.644843 -3.422736 0.000000
vt 0.000000 -5.000000 0.000000
vt 0.313953 -4.990134 0.000000
vt -3.422736 3.644843 0.000000
vt -3.644843 3.422736 0.000000
vt -3.852566 3.187120 0.000000
vt -4.524135 2.128896 0.000000
vt -4.648882 1.840623 0.000000
vt -4.755283 1.545085 0.000000
vt -4.842916 1.243449 0.000000
vt -4.911436 0.936907 0.000000
vt 5.589977 0.334903 0.000000
vt -5.597494 0.167527 0.000000
vt 5.600000 -0.000000 0.000000
vt -5.597494 -0.167527 0.000000
vt 5.589977 -0.334903 0.000000
vt -5.577456 -0.501980 0.000000
vt 5.559943 -0.668608 0.000000
vt -5.537453 -0.834637 0.000000
vt 5.510006 -0.999919 0.000000
vt -5.477627 -1.164305 0.000000
vt 5.440344 -1.327650 0.000000
vt -5.398192 -1.489806 0.000000
vt 5.351208 -1.650629 0.000000
vt -5.299433 -1.809974 0.000000
vt 5.242915 -1.967699 0.000000
vt -5.181704 -2.123663 0.000000
vt 5.115855 -2.277725 0.000000
vt -5.045426 -2.429749 0.000000
vt 4.970480 -2.579598 0.000000
vt -4.891086 -2.727137 0.000000
vt 4.807313 -2.872236 0.000000
vt -4.719237 -3.014763 0.000000
vt 4.626937 -3.154592 0.000000
vt -4.530495 -3.291597 0.000000
vt 4.429998 -3.425656 0.000000
vt -4.325535 -3.556648 0.000000
vt 4.217200 -3.684457 0.000000
vt -4.105090 -3.808967 0.000000
vt 3.989306 -3.930068 0.000000
vt -3.869951 -4.047651 0.000000
vt 3.747131 -4.161611 0.000000
vt -3.620958 -4.271846 0.000000
vt 3.491543 -4.378256 0.000000
vt -3.359003 -4.480748 0.000000
vt 3.223456 -4.579229 0.000000
vt -3.085023 -4.673610 0.000000
vt 2.943829 -4.763808 0.000000
vt -2.800000 -4.849742 0.000000
vt 2.653665 -4.931335 0.000000
vt -2.504954 -5.008513 0.000000
vt 2.354000 -5.081209 0.000000
vt -2.200940 -5.149356 0.000000
vt 2.045910 -5.212893 0.000000
vt -1.889048 -5.271764 0.000000
vt 1.730495 -5.325916 0.000000
vt -1.570393 -5.375301 0.000000
vt 1.408886 -5.419875 0.000000
vt -1.246117 -5.459596 0.000000
vt 1.082233 -5.494431 0.000000
vt -0.917380 -5.524347 0.000000
vt 0.751706 -5.549319 0.000000
vt -0.585359 -5.569323 0.000000
vt 0.418489 -5.584341 0.000000
vt -0.251243 -5.594361 0.000000
vt 0.083773 -5.599373 0.000000
vt -5.577456 0.501980 0.000000
vt 5.559943 0.668608 0.000000
vt -5.537453 0.834637 0.000000
vt 5.510006 0.999919 0.000000
vt -5.477627 1.164305 0.000000
vt 5.440344 1.327650 0.000000
vt -5.398192 1.489806 0.000000
vt 5.351208 1.650629 0.000000
vt 5.242915 1.967699 0.000000
vt 5.115855 2.277725 0.000000
vt 4.970480 2.579598 0.000000
vt 4.807313 2.872236 0.000000
vt -5.299433 1.809974 0.000000
vt 4.626937 3.154592 0.000000
vt 4.429998 3.425656 0.000000
vt 4.217200 3.684457 0.000000
vt 3.989306 3.930068 0.000000
vt 3.747131 4.161611 0.000000
vt 3.491543 4.378256 0.000000
vt 3.223456 4.579229 0.000000
vt 2.943829 4.763808 0.000000
vt 2.653665 4.931335 0.000000
vt 2.354000 5.081209 0.000000
vt 2.045910 5.212893 0.000000
vt 1.730495 5.325916 0.000000
vt 1.408886 5.419875 0.000000
vt 1.082233 5.494431 0.000000
vt 0.751706 5.549319 0.000000
vt 0.418489 5.584341 0.000000
vt 0.083773 5.599373 0.000000
vt -0.251243 5.594361 0.000000
vt -0.585359 5.569323 0.000000
vt -0.917380 5.524347 0.000000
vt -1.246117 5.459596 0.000000
vt -1.570393 5.375301 0.000000
vt -1.889048 5.271764 0.000000
vt -2.200940 5.149356 0.000000
vt -2.504954 5.008513 0.000000
vt -2.800000 4.849742 0.000000
vt -3.085023 4.673610 0.000000
vt -3.359003 4.480748 0.000000
vt -3.620958 4.271846 0.000000
vt -3.869951 4.047651 0.000000
vt -4.105090 3.808967 0.000000
vt -4.325535 3.556648 0.000000
vt -4.530495 3.291597 0.000000
vt -4.719237 3.014763 0.000000
vt -4.891086 2.727137 0.000000
vt -5.045426 2.429749 0.000000
vt -5.181704 2.123663 0.000000
vn -0.100000 0.000000 0.000000
vn -0.100000 0.000000 0.000000
vn -0.100000 0.000000 0.000000
vn -0.100000 0.000000 0.000000
vn 0.100000 0.000000 0.000000
vn 0.099737 0.007251 0.000000
vn 0.100000 0.000000 0.000000
vn 0.099737 0.007251 0.000000
vn 0.098862 0.015046 0.000000
vn 0.098862 0.015046 0.000000
vn 0.097320 0.022995 0.000000
vn 0.097320 0.022995 0.000000
vn 0.095168 0.030708 0.000000
vn 0.095168 0.030708 0.000000
vn 0.092557 0.037857 0.000000
vn 0.092557 0.037857 0.000000
vn 0.089680 0.044244 0.000000
vn 0.089680 0.044244 0.000000
vn 0.086712 0.049810 0.000000
vn 0.086712 0.049810 0.000000
vn 0.083775 0.054606 0.000000
vn 0.083775 0.054606 0.000000
vn 0.080934 0.058734 0.000000
vn 0.080934 0.058734 0.000000
vn 0.078199 0.062329 0.000000
vn 0.078199 0.062329 0.000000
vn 0.075473 0.065603 0.000000
vn 0.075473 0.065603 0.000000
vn 0.072345 0.069038 0.000000
vn 0.072345 0.069038 0.000000
vn 0.067621 0.073671 0.000000
vn 0.067621 0.073671 0.000000
vn 0.058216 0.081308 0.000000
vn 0.058216 0.081308 0.000000
vn 0.037509 0.092699 0.000000
vn 0.037509 0.092699 0.000000
vn 0.020533 0.097869 0.000000
vn 0.020533 0.097869 0.000000
vn 0.000000 0.100000 0.000000
vn 0.000000 0.100000 0.000000
vn -0.020683 0.097838 0.000000
vn -0.020683 0.097838 0.000000
vn -0.037998 0.092500 0.000000
vn -0.037998 0.092500 0.000000
vn -0.059330 0.080498 0.000000
vn -0.059330 0.080498 0.000000
vn -0.069088 0.072297 0.000000
vn -0.069088 0.072297 0.000000
vn -0.073969 0.067295 0.000000
vn -0.073969 0.067295 0.000000
vn -0.077092 0.063693 0.000000
vn -0.077092 0.063693 0.000000
vn -0.079675 0.060431 0.000000
vn -0.079675 0.060431 0.000000
vn -0.082165 0.056999 0.000000
vn -0.082165 0.056999 0.000000
vn -0.084701 0.053158 0.000000
vn -0.084701 0.053158 0.000000
vn -0.087315 0.048745 0.000000
vn -0.087315 0.048745 0.000000
vn -0.089983 0.043623 0.000000
vn -0.089983 0.043623 0.000000
vn -0.092625 0.037691 0.000000
vn -0.092625 0.037691 0.000000
vn -0.095094 0.030939 0.000000
vn -0.095094 0.030939 0.000000
vn -0.097203 0.023484 0.000000
vn -0.097203 0.023484 0.000000
vn -0.098778 0.015587 0.000000
vn -0.098778 0.015587 0.000000
vn -0.099709 0.007619 0.000000
vn -0.099709 0.007619 0.000000
vn 0.100000 0.000000 0.000000
vn 0.100000 0.000000 0.000000
vn -0.058261 -0.081275 0.000000
vn -0.058261 -0.081275 0.000000
vn -0.058261 -0.081275 0.000000
vn -0.058261 -0.081275 0.000000
vn 0.000000 0.000000 0.100000
vn 0.000000 0.000000 0.100000
vn 0.000000 0.000000 0.100000
vn 0.000000 0.000000 0.100000
vn 0.000000 0.000000 0.100000
vn 0.000000 0.000000 0.100000
vn 0.000000 0.000000 0.100000
vn 0.000000 0.000000 0.100000
vn 0.000000 0.000000 0.100000
vn 0.000000 0.000000 0.100000
vn 0.000000 0.000000 0.100000
vn 0.000000 0.000000 0.100000
vn 0.000000 0.000000 0.100000
vn 0.000000 0.000000 0.100000
vn 0.000000 0.000000 0.100000
vn 0.000000 0.000000 0.100000
vn 0.000000 0.000000 0.100000
vn 0.000000 0.000000 0.100000
vn 0.000000 0.000000 0.100000
vn 0.000000 0.000000 0.100000
vn 0.000000 0.000000 0.100000
vn 0.000000 0.000000 0.100000
vn 0.000000 0.000000 0.100000
vn 0.000000 0.000000 0.100000
vn 0.000000 0.000000 0.100000
vn 0.000000 0.000000 0.100000
vn 0.000000 0.000000 0.100000
vn 0.000000 0.000000 0.100000
vn 0.000000 0.000000 0.100000
vn 0.000000 0.000000 0.100000
vn 0.000000 0.000000 0.100000
vn 0.000000 0.000000 0.100000
vn 0.000000 0.000000 0.100000
vn 0.000000 0.000000 0.100000
vn 0.000000 0.000000 0.100000
vn 0.000000 0.000000 0.100000
vn 0.000000 0.000000 0.100000
vn 0.000000 0.100000 0.000000
vn 0.000000 0.100000 0.000000
vn 0.000000 0.100000 0.000000
vn 0.000000 0.100000 0.000000
vn 0.099964 -0.002668 0.000000
vn 0.099919 -0.004036 0.000000
vn 0.099964 -0.002668 0.000000
vn 0.099919 -0.004036 0.000000
vn 0.099838 -0.005691 0.000000
vn 0.099838 -0.005691 0.000000
vn 0.099700 -0.007734 0.000000
vn 0.099700 -0.007734 0.000000
vn 0.099467 -0.010313 0.000000
vn 0.099467 -0.010313 0.000000
vn 0.099064 -0.013651 0.000000
vn 0.099064 -0.013651 0.000000
vn 0.098347 -0.018109 0.000000
vn 0.098347 -0.018109 0.000000
vn 0.097008 -0.024277 0.000000
vn 0.097008 -0.024277 0.000000
vn 0.094340 -0.033165 0.000000
vn 0.094340 -0.033165 0.000000
vn 0.088563 -0.046438 0.000000
vn 0.088563 -0.046438 0.000000
vn 0.075064 -0.066071 0.000000
vn 0.075064 -0.066071 0.000000
vn 0.062578 -0.078000 0.000000
vn 0.062578 -0.078000 0.000000
vn 0.044612 -0.089497 0.000000
vn 0.044612 -0.089497 0.000000
vn 0.021672 -0.097623 0.000000
vn 0.021672 -0.097623 0.000000
vn -0.002945 -0.099957 0.000000
vn -0.002945 -0.099957 0.000000
vn -0.024967 -0.096833 0.000000
vn -0.024967 -0.096833 0.000000
vn -0.042149 -0.090683 0.000000
vn -0.042149 -0.090683 0.000000
vn -0.063398 -0.077335 0.000000
vn -0.063398 -0.077335 0.000000
vn -0.074088 -0.067164 0.000000
vn -0.074088 -0.067164 0.000000
vn -0.079720 -0.060372 0.000000
vn -0.079720 -0.060372 0.000000
vn -0.084399 -0.053635 0.000000
vn -0.084399 -0.053635 0.000000
vn -0.084919 -0.052808 0.000000
vn -0.084919 -0.052808 0.000000
vn -0.082271 -0.056845 0.000000
vn -0.082271 -0.056845 0.000000
vn -0.079140 -0.061130 0.000000
vn -0.079140 -0.061130 0.000000
vn -0.073582 -0.067718 0.000000
vn -0.073582 -0.067718 0.000000
vn -0.062915 -0.077728 0.000000
vn -0.062915 -0.077728 0.000000
vn -0.053693 -0.084362 0.000000
vn -0.053693 -0.084362 0.000000
vn -0.039640 -0.091808 0.000000
vn -0.039640 -0.091808 0.000000
vn -0.018028 -0.098361 0.000000
vn -0.018028 -0.098361 0.000000
vn -0.003686 -0.099932 0.000000
vn -0.003686 -0.099932 0.000000
vn 0.012765 -0.099182 0.000000
vn 0.012765 -0.099182 0.000000
vn 0.030303 -0.095298 0.000000
vn 0.030303 -0.095298 0.000000
vn 0.047298 -0.088108 0.000000
vn 0.047298 -0.088108 0.000000
vn 0.062134 -0.078354 0.000000
vn 0.062134 -0.078354 0.000000
vn 0.073901 -0.067370 0.000000
vn 0.073901 -0.067370 0.000000
vn 0.088597 -0.046374 0.000000
vn 0.088597 -0.046374 0.000000
vn 0.095394 -0.030001 0.000000
vn 0.095394 -0.030001 0.000000
vn 0.099496 -0.010028 0.000000
vn 0.099496 -0.010028 0.000000
vn 0.100000 -0.000114 0.000000
vn 0.100000 -0.000114 0.000000
vn 0.099897 0.004531 0.000000
vn 0.099897 0.004531 0.000000
vn 0.099896 0.004549 0.000000
vn 0.099896 0.004549 0.000000
vn 0.099762 -0.006897 0.000000
vn 0.099762 -0.006897 0.000000
vn 0.098146 -0.019166 0.000000
vn 0.098146 -0.019166 0.000000
vn 0.092442 -0.038137 0.000000
vn 0.092442 -0.038137 0.000000
vn 0.086443 -0.050275 0.000000
vn 0.086443 -0.050275 0.000000
vn 0.077312 -0.063426 0.000000
vn 0.077312 -0.063426 0.000000
vn 0.064775 -0.076185 0.000000
vn 0.064775 -0.076185 0.000000
vn 0.049577 -0.086846 0.000000
vn 0.049577 -0.086846 0.000000
vn 0.033414 -0.094252 0.000000
vn 0.033414 -0.094252 0.000000
vn 0.018116 -0.098345 0.000000
vn 0.018116 -0.098345 0.000000
vn -0.006012 -0.099819 0.000000
vn -0.006012 -0.099819 0.000000
vn -0.021338 -0.097697 0.000000
vn -0.021338 -0.097697 0.000000
vn -0.030408 -0.095265 0.000000
vn -0.030408 -0.095265 0.000000
vn -0.037064 -0.092878 0.000000
vn -0.037064 -0.092878 0.000000
vn -0.030223 -0.095324 0.000000
vn -0.030223 -0.095324 0.000000
vn -0.016962 -0.098551 0.000000
vn -0.016962 -0.098551 0.000000
vn -0.004765 -0.099886 0.000000
vn -0.004765 -0.099886 0.000000
vn 0.013728 -0.099053 0.000000
vn 0.013728 -0.099053 0.000000
vn 0.025901 -0.096587 0.000000
vn 0.025901 -0.096587 0.000000
vn 0.039867 -0.091709 0.000000
vn 0.039867 -0.091709 0.000000
vn 0.054796 -0.083650 0.000000
vn 0.054796 -0.083650 0.000000
vn 0.069185 -0.072204 0.000000
vn 0.069185 -0.072204 0.000000
vn 0.081346 -0.058162 0.000000
vn 0.081346 -0.058162 0.000000
vn 0.090226 -0.043118 0.000000
vn 0.090226 -0.043118 0.000000
vn 0.095797 -0.028686 0.000000
vn 0.095797 -0.028686 0.000000
vn 0.098732 -0.015873 0.000000
vn 0.098732 -0.015873 0.000000
vn 0.099921 0.003965 0.000000
vn 0.099921 0.003965 0.000000
vn 0.098477 0.017386 0.000000
vn 0.098477 0.017386 0.000000
vn 0.094407 0.032974 0.000000
vn 0.094407 0.032974 0.000000
vn 0.091109 0.041220 0.000000
vn 0.091109 0.041220 0.000000
vn 0.088703 0.046171 0.000000
vn 0.088703 0.046171 0.000000
vn 0.085515 0.051839 0.000000
vn 0.085515 0.051839 0.000000
vn 0.083280 0.055357 0.000000
vn 0.083280 0.055357 0.000000
vn 0.082184 0.056972 0.000000
vn 0.082184 0.056972 0.000000
vn 0.080882 0.058806 0.000000
vn 0.080882 0.058806 0.000000
vn 0.079060 0.061233 0.000000
vn 0.079060 0.061233 0.000000
vn 0.076027 0.064961 0.000000
vn 0.076027 0.064961 0.000000
vn -0.076027 0.064961 0.000000
vn -0.079060 0.061233 0.000000
vn -0.076027 0.064961 0.000000
vn -0.079060 0.061233 0.000000
vn -0.080882 0.058806 0.000000
vn -0.080882 0.058806 0.000000
vn -0.082184 0.056972 0.000000
vn -0.082184 0.056972 0.000000
vn -0.083280 0.055357 0.000000
vn -0.083280 0.055357 0.000000
vn -0.085515 0.051839 0.000000
vn -0.085515 0.051839 0.000000
vn -0.088703 0.046171 0.000000
vn -0.088703 0.046171 0.000000
vn -0.091109 0.041220 0.000000
vn -0.091109 0.041220 0.000000
vn -0.094407 0.032974 0.000000
vn -0.094407 0.032974 0.000000
vn -0.098477 0.017386 0.000000
vn -0.098477 0.017386 0.000000
vn -0.099921 0.003965 0.000000
vn -0.099921 0.003965 0.000000
vn -0.098732 -0.015873 0.000000
vn -0.098732 -0.015873 0.000000
vn -0.095797 -0.028686 0.000000
vn -0.095797 -0.028686 0.000000
vn -0.090226 -0.043118 0.000000
vn -0.090226 -0.043118 0.000000
vn -0.081346 -0.058162 0.000000
vn -0.081346 -0.058162 0.000000
vn -0.069185 -0.072204 0.000000
vn -0.069185 -0.072204 0.000000
vn -0.054796 -0.083650 0.000000
vn -0.054796 -0.083650 0.000000
vn -0.039867 -0.091709 0.000000
vn -0.039867 -0.091709 0.000000
vn -0.025901 -0.096587 0.000000
vn -0.025901 -0.096587 0.000000
vn -0.013728 -0.099053 0.000000
vn -0.013728 -0.099053 0.000000
vn 0.004765 -0.099886 0.000000
vn 0.004765 -0.099886 0.000000
vn 0.016962 -0.098551 0.000000
vn 0.016962 -0.098551 0.000000
vn 0.030223 -0.095324 0.000000
vn 0.030223 -0.095324 0.000000
vn 0.037064 -0.092878 0.000000
vn 0.037064 -0.092878 0.000000
vn 0.030408 -0.095265 0.000000
vn 0.030408 -0.095265 0.000000
vn 0.021338 -0.097697 0.000000
vn 0.021338 -0.097697 0.000000
vn 0.006012 -0.099819 0.000000
vn 0.006012 -0.099819 0.000000
vn -0.018116 -0.098345 0.000000
vn -0.018116 -0.098345 0.000000
vn -0.033414 -0.094252 0.000000
vn -0.033414 -0.094252 0.000000
vn -0.049577 -0.086846 0.000000
vn -0.049577 -0.086846 0.000000
vn -0.064775 -0.076185 0.000000
vn -0.064775 -0.076185 0.000000
vn -0.077312 -0.063426 0.000000
vn -0.077312 -0.063426 0.000000
vn -0.086443 -0.050275 0.000000
vn -0.086443 -0.050275 0.000000
vn -0.092442 -0.038137 0.000000
vn -0.092442 -0.038137 0.000000
vn -0.098146 -0.019166 0.000000
vn -0.098146 -0.019166 0.000000
vn -0.099762 -0.006897 0.000000
vn -0.099762 -0.006897 0.000000
vn -0.099896 0.004549 0.000000
vn -0.099896 0.004549 0.000000
vn -0.099897 0.004531 0.000000
vn -0.099897 0.004531 0.000000
vn -0.100000 -0.000114 0.000000
vn -0.100000 -0.000114 0.000000
vn -0.099496 -0.010028 0.000000
vn -0.099496 -0.010028 0.000000
vn -0.095394 -0.030001 0.000000
vn -0.095394 -0.030001 0.000000
vn -0.088597 -0.046374 0.000000
vn -0.088597 -0.046374 0.000000
vn -0.073901 -0.067370 0.000000
vn -0.073901 -0.067370 0.000000
vn -0.062134 -0.078354 0.000000
vn -0.062134 -0.078354 0.000000
vn -0.047298 -0.088108 0.000000
vn -0.047298 -0.088108 0.000000
vn -0.030303 -0.095298 0.000000
vn -0.030303 -0.095298 0.000000
vn -0.012765 -0.099182 0.000000
vn -0.012765 -0.099182 0.000000
vn 0.003686 -0.099932 0.000000
vn 0.003686 -0.099932 0.000000
vn 0.018028 -0.098361 0.000000
vn 0.018028 -0.098361 0.000000
vn 0.039640 -0.091808 0.000000
vn 0.039640 -0.091808 0.000000
vn 0.053693 -0.084362 0.000000
vn 0.053693 -0.084362 0.000000
vn 0.062915 -0.077728 0.000000
vn 0.062915 -0.077728 0.000000
vn 0.073582 -0.067718 0.000000
vn 0.073582 -0.067718 0.000000
vn 0.079140 -0.061130 0.000000
vn 0.079140 -0.061130 0.000000
vn 0.082271 -0.056845 0.000000
vn 0.082271 -0.056845 0.000000
vn 0.084919 -0.052808 0.000000
vn 0.084919 -0.052808 0.000000
vn 0.084399 -0.053635 0.000000
vn 0.084399 -0.053635 0.000000
vn 0.079720 -0.060372 0.000000
vn 0.079720 -0.060372 0.000000
vn 0.074088 -0.067164 0.000000
vn 0.074088 -0.067164 0.000000
vn 0.063398 -0.077335 0.000000
vn 0.063398 -0.077335 0.000000
vn 0.042149 -0.090683 0.000000
vn 0.042149 -0.090683 0.000000
vn 0.024967 -0.096833 0.000000
vn 0.024967 -0.096833 0.000000
vn 0.002945 -0.099957 0.000000
vn 0.002945 -0.099957 0.000000
vn -0.021672 -0.097623 0.000000
vn -0.021672 -0.097623 0.000000
vn -0.044612 -0.089497 0.000000
vn -0.044612 -0.089497 0.000000
vn -0.062578 -0.078000 0.000000
vn -0.062578 -0.078000 0.000000
vn -0.075064 -0.066071 0.000000
vn -0.075064 -0.066071 0.000000
vn -0.088563 -0.046438 0.000000
vn -0.088563 -0.046438 0.000000
vn -0.094340 -0.033165 0.000000
vn -0.094340 -0.033165 0.000000
vn -0.097008 -0.024277 0.000000
vn -0.097008 -0.024277 0.000000
vn -0.098347 -0.018109 0.000000
vn -0.098347 -0.018109 0.000000
vn -0.099064 -0.013651 0.000000
vn -0.099064 -0.013651 0.000000
vn -0.099467 -0.010313 0.000000
vn -0.099467 -0.010313 0.000000
vn -0.099700 -0.007734 0.000000
vn -0.099700 -0.007734 0.000000
vn -0.099838 -0.005691 0.000000
vn -0.099838 -0.005691 0.000000
vn -0.099919 -0.004036 0.000000
vn -0.099919 -0.004036 0.000000
vn -0.099964 -0.002668 0.000000
vn -0.099964 -0.002668 0.000000
vn 0.000000 0.000000 0.100000
vn 0.000000 0.000000 0.100000
vn 0.000000 0.000000 0.100000
vn 0.000000 0.000000 0.100000
vn 0.000000 0.000000 0.100000
vn 0.000000 0.000000 0.100000
vn 0.000000 0.000000 0.100000
vn 0.000000 0.000000 0.100000
vn 0.000000 0.000000 0.100000
vn 0.000000 0.000000 0.100000
vn 0.000000 0.000000 0.100000
vn 0.000000 0.000000 0.100000
vn 0.000000 0.000000 0.100000
vn 0.000000 0.000000 0.100000
vn 0.000000 0.000000 0.100000
vn 0.000000 0.000000 0.100000
vn 0.000000 0.000000 0.100000
vn 0.000000 0.000000 0.100000
vn 0.000000 0.000000 0.100000
vn 0.000000 0.000000 0.100000
vn 0.000000 0.000000 0.100000
vn 0.000000 0.000000 0.100000
vn 0.000000 0.000000 0.100000
vn 0.000000 0.000000 0.100000
vn 0.000000 0.000000 0.100000
vn 0.000000 0.000000 0.100000
vn 0.000000 0.000000 0.100000
vn 0.000000 0.000000 0.100000
vn 0.000000 0.000000 0.100000
vn 0.000000 0.000000 0.100000
vn 0.000000 0.000000 0.100000
vn 0.000000 0.000000 0.100000
vn 0.000000 0.000000 0.100000
vn 0.000000 0.000000 0.100000
vn 0.000000 0.000000 0.100000
vn 0.000000 0.000000 0.100000
vn 0.000000 0.000000 0.100000
vn 0.000000 0.000000 0.100000
vn 0.000000 0.000000 0.100000
vn 0.000000 0.000000 0.100000
vn 0.000000 0.000000 0.100000
vn 0.000000 0.000000 0.100000
vn 0.000000 0.000000 0.100000
vn 0.000000 0.000000 0.100000
vn 0.000000 0.000000 0.100000
vn 0.000000 0.000000 0.100000
vn 0.000000 0.000000 0.100000
vn 0.000000 0.000000 0.100000
vn 0.000000 0.000000 0.100000
vn 0.000000 0.000000 0.100000
vn 0.000000 0.000000 0.100000
vn 0.000000 0.000000 0.100000
vn 0.000000 0.000000 0.100000
vn 0.000000 0.000000 0.100000
vn 0.000000 0.000000 0.100000
vn 0.000000 0.000000 0.100000
vn 0.000000 0.000000 0.100000
vn 0.000000 0.000000 0.100000
vn 0.000000 0.000000 0.100000
vn 0.000000 0.000000 0.100000
vn 0.000000 0.000000 0.100000
vn 0.000000 0.000000 0.100000
vn 0.000000 0.000000 0.100000
vn 0.000000 0.000000 0.100000
vn 0.000000 0.000000 0.100000
vn 0.000000 0.000000 0.100000
vn 0.000000 0.000000 0.100000
vn 0.000000 0.000000 0.100000
vn 0.000000 0.000000 0.100000
vn 0.000000 0.000000 0.100000
vn 0.000000 0.000000 0.100000
vn 0.000000 0.000000 0.100000
vn 0.000000 0.000000 0.100000
vn 0.000000 0.000000 0.100000
vn 0.000000 0.000000 0.100000
vn 0.000000 0.000000 0.100000
vn 0.000000 0.000000 0.100000
vn 0.000000 0.000000 0.100000
vn 0.000000 0.000000 0.100000
vn 0.000000 0.000000 0.100000
vn 0.000000 0.000000 0.100000
vn 0.000000 0.000000 0.100000
vn 0.000000 0.000000 0.100000
vn 0.000000 0.000000 0.100000
vn 0.000000 0.000000 0.100000
vn 0.000000 0.000000 0.100000
vn 0.000000 0.000000 0.100000
vn 0.000000 0.000000 0.100000
vn 0.000000 0.000000 0.100000
vn 0.000000 0.000000 0.100000
vn 0.000000 0.000000 0.100000
vn 0.000000 0.000000 0.100000
vn 0.000000 0.000000 0.100000
vn 0.000000 0.000000 0.100000
vn 0.000000 0.000000 0.100000
vn 0.000000 0.000000 0.100000
vn 0.000000 0.000000 0.100000
vn 0.000000 0.000000 0.100000
vn 0.000000 0.000000 0.100000
vn 0.000000 0.000000 0.100000
vn 0.000000 0.000000 0.100000
vn 0.000000 0.000000 0.100000
vn 0.000000 0.000000 0.100000
vn 0.000000 0.000000 0.100000
vn 0.000000 0.000000 0.100000
vn 0.000000 0.000000 0.100000
vn 0.000000 0.000000 0.100000
vn 0.000000 0.000000 0.100000
vn 0.000000 0.000000 0.100000
vn 0.000000 0.000000 0.100000
vn 0.000000 0.000000 0.100000
vn 0.000000 0.000000 0.100000
vn 0.000000 0.000000 0.100000
vn 0.000000 0.000000 0.100000
vn 0.000000 0.000000 0.100000
vn 0.000000 0.000000 0.100000
vn 0.000000 0.000000 0.100000
vn 0.000000 0.000000 0.100000
vn 0.000000 0.000000 0.100000
vn 0.000000 0.000000 0.100000
vn 0.000000 0.000000 0.100000
vn 0.000000 0.000000 0.100000
vn 0.000000 0.000000 0.100000
vn 0.000000 0.000000 0.100000
vn 0.000000 0.000000 0.100000
vn 0.000000 0.000000 0.100000
vn 0.000000 0.000000 0.100000
vn 0.000000 0.000000 0.100000
vn 0.000000 0.000000 0.100000
vn 0.000000 0.000000 0.100000
vn 0.000000 0.000000 0.100000
vn 0.000000 0.000000 0.100000
vn 0.000000 0.000000 0.100000
vn 0.000000 0.000000 0.100000
vn 0.000000 0.000000 0.100000
vn 0.000000 0.000000 0.100000
vn 0.000000 0.000000 0.100000
vn 0.000000 0.000000 0.100000
vn 0.000000 0.000000 0.100000
vn 0.000000 0.000000 0.100000
vn 0.000000 0.000000 0.100000
vn 0.000000 0.000000 0.100000
vn 0.000000 0.000000 0.100000
vn 0.000000 0.000000 0.100000
vn 0.000000 0.000000 0.100000
vn 0.000000 0.000000 0.100000
vn 0.000000 0.000000 0.100000
vn 0.000000 0.000000 0.100000
vn 0.000000 0.000000 0.100000
vn 0.000000 0.000000 0.100000
vn 0.000000 0.000000 0.100000
vn 0.000000 0.000000 0.100000
vn 0.000000 0.000000 0.100000
vn 0.100000 0.000000 0.000000
vn 0.100000 0.000000 0.000000
vn 0.100000 0.000000 0.000000
vn 0.100000 0.000000 0.000000
vn -0.000000 -0.100000 0.000000
vn -0.000000 -0.100000 0.000000
vn -0.000000 -0.100000 0.000000
vn -0.000000 -0.100000 0.000000
vn -0.100000 0.000000 0.000000
vn -0.100000 0.000000 0.000000
vn -0.100000 0.000000 0.000000
vn -0.100000 0.000000 0.000000
vn 0.058261 0.081275 0.000000
vn 0.058261 0.081275 0.000000
vn 0.058261 0.081275 0.000000
vn 0.058261 0.081275 0.000000
vn 0.000000 0.000000 0.100000
vn 0.000000 0.000000 0.100000
vn 0.000000 0.000000 0.100000
vn 0.000000 0.000000 0.100000
vn -0.081275 0.058261 0.000000
vn -0.081275 0.058261 0.000000
vn -0.081275 0.058261 0.000000
vn -0.081275 0.058261 0.000000
vn -0.058261 -0.081275 0.000000
vn -0.058261 -0.081275 0.000000
vn -0.058261 -0.081275 0.000000
vn -0.058261 -0.081275 0.000000
vn 0.058261 0.081275 0.000000
vn 0.058261 0.081275 0.000000
vn 0.058261 0.081275 0.000000
vn 0.058261 0.081275 0.000000
vn 0.081275 -0.058261 0.000000
vn 0.081275 -0.058261 0.000000
vn 0.081275 -0.058261 0.000000
vn 0.081275 -0.058261 0.000000
vn 0.000000 0.000000 0.100000
vn 0.000000 0.000000 0.100000
vn 0.000000 0.000000 0.100000
vn 0.000000 0.000000 0.100000
vn 0.099803 0.006279 0.000000
vn 0.099803 0.006279 0.000000
vn 0.100000 0.000000 0.000000
vn 0.100000 0.000000 0.000000
vn 0.099803 -0.006279 0.000000
vn 0.099803 -0.006279 0.000000
vn 0.099211 -0.012533 0.000000
vn 0.099211 -0.012533 0.000000
vn 0.098229 -0.018738 0.000000
vn 0.099211 0.012533 0.000000
vn 0.099211 0.012533 0.000000
vn 0.098229 0.018738 0.000000
vn 0.098229 0.018738 0.000000
vn 0.096858 0.024869 0.000000
vn 0.096858 0.024869 0.000000
vn 0.095106 0.030902 0.000000
vn 0.095106 0.030902 0.000000
vn 0.092978 0.036812 0.000000
vn 0.092978 0.036812 0.000000
vn 0.090483 0.042578 0.000000
vn 0.090483 0.042578 0.000000
vn 0.087631 0.048175 0.000000
vn 0.087631 0.048175 0.000000
vn 0.084433 0.053583 0.000000
vn 0.084433 0.053583 0.000000
vn 0.080902 0.058779 0.000000
vn 0.080902 0.058779 0.000000
vn 0.077051 0.063742 0.000000
vn 0.077051 0.063742 0.000000
vn 0.072897 0.068455 0.000000
vn 0.072897 0.068455 0.000000
vn 0.068455 0.072897 0.000000
vn 0.068455 0.072897 0.000000
vn 0.063742 0.077051 0.000000
vn 0.063742 0.077051 0.000000
vn 0.058779 0.080902 0.000000
vn 0.058779 0.080902 0.000000
vn 0.053583 0.084433 0.000000
vn 0.053583 0.084433 0.000000
vn 0.048175 0.087631 0.000000
vn 0.048175 0.087631 0.000000
vn 0.042578 0.090483 0.000000
vn 0.042578 0.090483 0.000000
vn 0.036812 0.092978 0.000000
vn 0.036812 0.092978 0.000000
vn 0.030902 0.095106 0.000000
vn 0.030902 0.095106 0.000000
vn 0.024869 0.096858 0.000000
vn 0.024869 0.096858 0.000000
vn 0.018738 0.098229 0.000000
vn 0.018738 0.098229 0.000000
vn 0.012533 0.099211 0.000000
vn 0.012533 0.099211 0.000000
vn 0.006279 0.099803 0.000000
vn 0.006279 0.099803 0.000000
vn -0.000000 0.100000 0.000000
vn -0.000000 0.100000 0.000000
vn -0.006279 0.099803 0.000000
vn -0.006279 0.099803 0.000000
vn -0.012533 0.099211 0.000000
vn -0.012533 0.099211 0.000000
vn -0.018738 0.098229 0.000000
vn -0.018738 0.098229 0.000000
vn -0.024869 0.096858 0.000000
vn -0.024869 0.096858 0.000000
vn -0.030902 0.095106 0.000000
vn -0.030902 0.095106 0.000000
vn -0.036812 0.092978 0.000000
vn -0.036812 0.092978 0.000000
vn -0.042578 0.090483 0.000000
vn -0.042578 0.090483 0.000000
vn -0.048175 0.087631 0.000000
vn -0.048175 0.087631 0.000000
vn -0.053583 0.084433 0.000000
vn -0.053583 0.084433 0.000000
vn -0.058779 0.080902 0.000000
vn -0.058779 0.080902 0.000000
vn -0.063742 0.077051 0.000000
vn -0.063742 0.077051 0.000000
vn -0.068455 0.072897 0.000000
vn -0.068455 0.072897 0.000000
vn -0.072897 0.068455 0.000000
vn -0.072897 0.068455 0.000000
vn -0.077051 0.063742 0.000000
vn -0.077051 0.063742 0.000000
vn -0.080902 0.058779 0.000000
vn -0.080902 0.058779 0.000000
vn -0.084433 0.053583 0.000000
vn -0.084433 0.053583 0.000000
vn -0.087631 0.048175 0.000000
vn -0.087631 0.048175 0.000000
vn -0.090483 0.042578 0.000000
vn -0.090483 0.042578 0.000000
vn -0.092978 0.036812 0.000000
vn -0.092978 0.036812 0.000000
vn -0.095106 0.030902 0.000000
vn -0.095106 0.030902 0.000000
vn -0.096858 0.024869 0.000000
vn -0.096858 0.024869 0.000000
vn -0.098229 0.018738 0.000000
vn -0.098229 0.018738 0.000000
vn -0.099211 0.012533 0.000000
vn -0.099211 0.012533 0.000000
vn -0.099803 0.006279 0.000000
vn -0.099803 0.006279 0.000000
vn -0.100000 0.000000 0.000000
vn -0.100000 -0.000000 0.000000
vn -0.099803 -0.006279 0.000000
vn -0.099803 -0.006279 0.000000
vn -0.099211 -0.012533 0.000000
vn -0.099211 -0.012533 0.000000
vn -0.098229 -0.018738 0.000000
vn -0.098229 -0.018738 0.000000
vn -0.096858 -0.024869 0.000000
vn -0.096858 -0.024869 0.000000
vn -0.095106 -0.030902 0.000000
vn -0.095106 -0.030902 0.000000
vn -0.092978 -0.036812 0.000000
vn -0.092978 -0.036812 0.000000
vn -0.090483 -0.042578 0.000000
vn -0.090483 -0.042578 0.000000
vn -0.087631 -0.048175 0.000000
vn -0.087631 -0.048175 0.000000
vn -0.084433 -0.053583 0.000000
vn -0.084433 -0.053583 0.000000
vn -0.080902 -0.058779 0.000000
vn -0.080902 -0.058779 0.000000
vn -0.077051 -0.063742 0.000000
vn -0.077051 -0.063742 0.000000
vn -0.072897 -0.068455 0.000000
vn -0.072897 -0.068455 0.000000
vn -0.068455 -0.072897 0.000000
vn -0.068455 -0.072897 0.000000
vn -0.063742 -0.077051 0.000000
vn -0.063742 -0.077051 0.000000
vn -0.058779 -0.080902 0.000000
vn -0.058779 -0.080902 0.000000
vn -0.053583 -0.084433 0.000000
vn -0.053583 -0.084433 0.000000
vn -0.048175 -0.087631 0.000000
vn -0.048175 -0.087631 0.000000
vn -0.042578 -0.090483 0.000000
vn -0.042578 -0.090483 0.000000
vn -0.036812 -0.092978 0.000000
vn -0.036812 -0.092978 0.000000
vn -0.030902 -0.095106 0.000000
vn -0.030902 -0.095106 0.000000
vn -0.024869 -0.096858 0.000000
vn -0.024869 -0.096858 0.000000
vn -0.018738 -0.098229 0.000000
vn -0.018738 -0.098229 0.000000
vn -0.012533 -0.099211 0.000000
vn -0.012533 -0.099211 0.000000
vn -0.006279 -0.099803 0.000000
vn -0.006279 -0.099803 0.000000
vn -0.000000 -0.100000 0.000000
vn -0.000000 -0.100000 0.000000
vn 0.006279 -0.099803 0.000000
vn 0.006279 -0.099803 0.000000
vn 0.012533 -0.099211 0.000000
vn 0.012533 -0.099211 0.000000
vn 0.018738 -0.098229 0.000000
vn 0.018738 -0.098229 0.000000
vn 0.024869 -0.096858 0.000000
vn 0.024869 -0.096858 0.000000
vn 0.030902 -0.095106 0.000000
vn 0.030902 -0.095106 0.000000
vn 0.036812 -0.092978 0.000000
vn 0.036812 -0.092978 0.000000
vn 0.042578 -0.090483 0.000000
vn 0.042578 -0.090483 0.000000
vn 0.048175 -0.087631 0.000000
vn 0.048175 -0.087631 0.000000
vn 0.053583 -0.084433 0.000000
vn 0.053583 -0.084433 0.000000
vn 0.058779 -0.080902 0.000000
vn 0.058779 -0.080902 0.000000
vn 0.063742 -0.077051 0.000000
vn 0.063742 -0.077051 0.000000
vn 0.068455 -0.072897 0.000000
vn 0.068455 -0.072897 0.000000
vn 0.072897 -0.068455 0.000000
vn 0.072897 -0.068455 0.000000
vn 0.077051 -0.063742 0.000000
vn 0.077051 -0.063742 0.000000
vn 0.080902 -0.058779 0.000000
vn 0.080902 -0.058779 0.000000
vn 0.084433 -0.053583 0.000000
vn 0.084433 -0.053583 0.000000
vn 0.087631 -0.048175 0.000000
vn 0.087631 -0.048175 0.000000
vn 0.090483 -0.042578 0.000000
vn 0.090483 -0.042578 0.000000
vn 0.092978 -0.036812 0.000000
vn 0.092978 -0.036812 0.000000
vn 0.095106 -0.030902 0.000000
vn 0.095106 -0.030902 0.000000
vn 0.096858 -0.024869 0.000000
vn 0.096858 -0.024869 0.000000
vn 0.098229 -0.018738 0.000000
vn 0.000000 0.000000 0.100000
vn 0.000000 0.000000 0.100000
vn 0.000000 0.000000 0.100000
vn 0.000000 0.000000 0.100000
vn 0.000000 0.000000 0.100000
vn 0.000000 0.000000 0.100000
vn 0.000000 0.000000 0.100000
vn 0.000000 0.000000 0.100000
vn 0.000000 0.000000 0.100000
vn 0.000000 0.000000 0.100000
vn 0.000000 0.000000 0.100000
vn 0.000000 0.000000 0.100000
vn 0.000000 0.000000 0.100000
vn 0.000000 0.000000 0.100000
vn 0.000000 0.000000 0.100000
vn 0.000000 0.000000 0.100000
vn 0.000000 0.000000 0.100000
vn 0.000000 0.000000 0.100000
vn 0.000000 0.000000 0.100000
vn 0.000000 0.000000 0.100000
vn 0.000000 0.000000 0.100000
vn 0.000000 0.000000 0.100000
vn 0.000000 0.000000 0.100000
vn 0.000000 0.000000 0.100000
vn 0.000000 0.000000 0.100000
vn 0.000000 0.000000 0.100000
vn 0.000000 0.000000 0.100000
vn 0.000000 0.000000 0.100000
vn 0.000000 0.000000 0.100000
vn 0.000000 0.000000 0.100000
vn 0.000000 0.000000 0.100000
vn 0.000000 0.000000 0.100000
vn 0.000000 0.000000 0.100000
vn 0.000000 0.000000 0.100000
vn 0.000000 0.000000 0.100000
vn 0.000000 0.000000 0.100000
vn 0.000000 0.000000 0.100000
vn 0.000000 0.000000 0.100000
vn 0.000000 0.000000 0.100000
vn 0.000000 0.000000 0.100000
vn 0.000000 0.000000 0.100000
vn 0.000000 0.000000 0.100000
vn 0.000000 0.000000 0.100000
vn 0.000000 0.000000 0.100000
vn 0.000000 0.000000 0.100000
vn 0.000000 0.000000 0.100000
vn 0.000000 0.000000 0.100000
vn 0.000000 0.000000 0.100000
vn 0.000000 0.000000 0.100000
vn 0.000000 0.000000 0.100000
vn 0.000000 0.000000 0.100000
vn 0.000000 0.000000 0.100000
vn 0.000000 0.000000 0.100000
vn 0.000000 0.000000 0.100000
vn 0.000000 0.000000 0.100000
vn 0.000000 0.000000 0.100000
vn 0.000000 0.000000 0.100000
vn 0.000000 0.000000 0.100000
vn 0.000000 0.000000 0.100000
vn 0.000000 0.000000 0.100000
vn 0.000000 0.000000 0.100000
vn 0.000000 0.000000 0.100000
vn 0.000000 0.000000 0.100000
vn 0.000000 0.000000 0.100000
vn 0.000000 0.000000 0.100000
vn 0.000000 0.000000 0.100000
vn 0.000000 0.000000 0.100000
vn 0.000000 0.000000 0.100000
vn 0.000000 0.000000 0.100000
vn 0.000000 0.000000 0.100000
vn 0.000000 0.000000 0.100000
vn 0.000000 0.000000 0.100000
vn 0.000000 0.000000 0.100000
vn 0.000000 0.000000 0.100000
vn 0.000000 0.000000 0.100000
vn 0.000000 0.000000 0.100000
vn 0.000000 0.000000 0.100000
vn 0.000000 0.000000 0.100000
vn 0.000000 0.000000 0.100000
vn 0.000000 0.000000 0.100000
vn 0.000000 0.000000 0.100000
vn 0.000000 0.000000 0.100000
vn 0.000000 0.000000 0.100000
vn 0.000000 0.000000 0.100000
vn 0.000000 0.000000 0.100000
vn 0.000000 0.000000 0.100000
vn 0.000000 0.000000 0.100000
vn 0.000000 0.000000 0.100000
vn 0.000000 0.000000 0.100000
vn 0.000000 0.000000 0.100000
vn 0.000000 0.000000 0.100000
vn 0.000000 0.000000 0.100000
vn 0.000000 0.000000 0.100000
vn 0.000000 0.000000 0.100000
vn 0.000000 0.000000 0.100000
vn 0.000000 0.000000 0.100000
vn 0.000000 0.000000 0.100000
vn 0.000000 0.000000 0.100000
vn 0.000000 0.000000 0.100000
vn 0.000000 0.000000 0.100000
vn 0.000000 0.000000 0.100000
vn 0.000000 0.000000 0.100000
vn 0.000000 0.000000 0.100000
vn 0.000000 0.000000 0.100000
vn 0.000000 0.000000 0.100000
vn 0.000000 0.000000 0.100000
vn 0.000000 0.000000 0.100000
vn 0.000000 0.000000 0.100000
vn 0.000000 0.000000 0.100000
vn 0.000000 0.000000 0.100000
vn 0.000000 0.000000 0.100000
vn 0.000000 0.000000 0.100000
vn 0.000000 0.000000 0.100000
vn 0.000000 0.000000 0.100000
vn 0.000000 0.000000 0.100000
vn 0.000000 0.000000 0.100000
vn 0.000000 0.000000 0.100000
vn 0.000000 0.000000 0.100000
vn 0.000000 0.000000 0.100000
vn 0.000000 0.000000 0.100000
vn 0.000000 0.000000 0.100000
vn 0.000000 0.000000 0.100000
vn 0.000000 0.000000 0.100000
vn 0.000000 0.000000 0.100000
vn 0.000000 0.000000 0.100000
vn 0.000000 0.000000 0.100000
vn 0.000000 0.000000 0.100000
vn 0.000000 0.000000 0.100000
vn 0.000000 0.000000 0.100000
vn 0.000000 0.000000 0.100000
vn 0.000000 0.000000 0.100000
vn 0.000000 0.000000 0.100000
vn 0.000000 0.000000 0.100000
vn 0.000000 0.000000 0.100000
vn 0.000000 0.000000 0.100000
vn 0.000000 0.000000 0.100000
vn 0.000000 0.000000 0.100000
vn 0.000000 0.000000 0.100000
vn 0.000000 0.000000 0.100000
vn 0.000000 0.000000 0.100000
vn 0.000000 0.000000 0.100000
vn 0.000000 0.000000 0.100000
vn 0.000000 0.000000 0.100000
vn 0.000000 0.000000 0.100000
vn 0.000000 0.000000 0.100000
vn 0.000000 0.000000 0.100000
vn 0.000000 0.000000 0.100000
vn 0.000000 0.000000 0.100000
vn 0.000000 0.000000 0.100000
vn 0.000000 0.000000 0.100000
vn 0.000000 0.000000 0.100000
vn 0.000000 0.000000 0.100000
vn 0.000000 0.000000 0.100000
vn 0.000000 0.000000 0.100000
vn 0.000000 0.000000 0.100000
vn 0.000000 0.000000 0.100000
vn 0.000000 0.000000 0.100000
vn 0.000000 0.000000 0.100000
vn 0.000000 0.000000 0.100000
vn 0.000000 0.000000 0.100000
vn 0.000000 0.000000 0.100000
vn 0.000000 0.000000 0.100000
vn 0.000000 0.000000 0.100000
vn 0.000000 0.000000 0.100000
vn 0.000000 0.000000 0.100000
vn 0.000000 0.000000 0.100000
vn 0.000000 0.000000 0.100000
vn 0.000000 0.000000 0.100000
vn 0.000000 0.000000 0.100000
vn 0.000000 0.000000 0.100000
vn 0.000000 0.000000 0.100000
vn 0.000000 0.000000 0.100000
vn 0.000000 0.000000 0.100000
vn 0.000000 0.000000 0.100000
vn 0.000000 0.000000 0.100000
vn 0.000000 0.000000 0.100000
vn 0.000000 0.000000 0.100000
vn 0.000000 0.000000 0.100000
vn 0.000000 0.000000 0.100000
vn 0.000000 0.000000 0.100000
vn 0.000000 0.000000 0.100000
vn 0.000000 0.000000 0.100000
vn 0.000000 0.000000 0.100000
vn 0.000000 0.000000 0.100000
vn 0.000000 0.000000 0.100000
vn 0.000000 0.000000 0.100000
vn 0.000000 0.000000 0.100000
vn 0.000000 0.000000 0.100000
vn 0.000000 0.000000 0.100000
vn 0.000000 0.000000 0.100000
vn 0.000000 0.000000 0.100000
vn 0.000000 0.000000 0.100000
vn 0.000000 0.000000 0.100000
vn 0.000000 0.000000 0.100000
vn 0.000000 0.000000 0.100000
vn 0.000000 0.000000 0.100000
vn 0.000000 0.000000 0.100000
vn 0.000000 0.000000 0.100000
vn 0.000000 0.000000 0.100000
vn 0.000000 0.000000 0.100000
vn 0.000000 0.000000 0.100000
vn 0.000000 0.000000 0.100000
vn 0.000000 0.000000 0.100000
vn 0.000000 0.000000 0.100000
vn 0.000000 0.000000 0.100000
vn -0.099821 0.005980 -0.000000
vn -0.099821 0.005980 -0.000000
vn -0.100000 0.000000 -0.000000
vn -0.100000 0.000000 -0.000000
vn -0.099821 -0.005980 0.000000
vn -0.099821 -0.005980 0.000000
vn -0.099285 -0.011939 0.000000
vn -0.099285 -0.011939 0.000000
vn -0.098393 -0.017856 0.000000
vn -0.098393 -0.017856 0.000000
vn -0.097149 -0.023708 0.000000
vn -0.097149 -0.023708 0.000000
vn -0.095557 -0.029476 0.000000
vn -0.095557 -0.029476 0.000000
vn -0.093623 -0.035137 0.000000
vn -0.093623 -0.035137 0.000000
vn -0.091355 -0.040674 0.000000
vn -0.091355 -0.040674 0.000000
vn -0.088759 -0.046064 0.000000
vn -0.088759 -0.046064 0.000000
vn -0.085845 -0.051290 0.000000
vn -0.085845 -0.051290 0.000000
vn -0.082624 -0.056332 0.000000
vn -0.082624 -0.056332 0.000000
vn -0.079107 -0.061172 0.000000
vn -0.079107 -0.061172 0.000000
vn -0.075307 -0.065794 0.000000
vn -0.075307 -0.065794 0.000000
vn -0.071238 -0.070180 0.000000
vn -0.071238 -0.070180 0.000000
vn -0.066913 -0.074314 0.000000
vn -0.066913 -0.074314 0.000000
vn -0.062349 -0.078183 0.000000
vn -0.062349 -0.078183 0.000000
vn -0.057562 -0.081772 0.000000
vn -0.057562 -0.081772 0.000000
vn -0.052568 -0.085068 0.000000
vn -0.052568 -0.085068 0.000000
vn -0.047387 -0.088060 0.000000
vn -0.047387 -0.088060 0.000000
vn -0.042036 -0.090736 0.000000
vn -0.042036 -0.090736 0.000000
vn -0.036534 -0.093087 0.000000
vn -0.036534 -0.093087 0.000000
vn -0.030902 -0.095106 0.000000
vn -0.030902 -0.095106 0.000000
vn -0.025159 -0.096783 0.000000
vn -0.025159 -0.096783 0.000000
vn -0.019326 -0.098115 0.000000
vn -0.019326 -0.098115 0.000000
vn -0.013423 -0.099095 0.000000
vn -0.013423 -0.099095 0.000000
vn -0.007473 -0.099720 0.000000
vn -0.007473 -0.099720 0.000000
vn -0.001496 -0.099989 0.000000
vn -0.001496 -0.099989 0.000000
vn 0.004486 -0.099899 0.000000
vn 0.004486 -0.099899 0.000000
vn 0.010453 -0.099452 0.000000
vn 0.010453 -0.099452 0.000000
vn 0.016382 -0.098649 0.000000
vn 0.016382 -0.098649 0.000000
vn 0.022252 -0.097493 0.000000
vn 0.022252 -0.097493 0.000000
vn 0.028043 -0.095988 0.000000
vn 0.028043 -0.095988 0.000000
vn 0.033733 -0.094139 0.000000
vn 0.033733 -0.094139 0.000000
vn 0.039303 -0.091953 0.000000
vn 0.039303 -0.091953 0.000000
vn 0.044731 -0.089438 0.000000
vn 0.044731 -0.089438 0.000000
vn 0.050000 -0.086603 0.000000
vn 0.050000 -0.086603 0.000000
vn 0.055090 -0.083457 0.000000
vn 0.055090 -0.083457 0.000000
vn 0.059982 -0.080013 0.000000
vn 0.059982 -0.080013 0.000000
vn 0.064660 -0.076283 0.000000
vn 0.064660 -0.076283 0.000000
vn 0.069106 -0.072279 0.000000
vn 0.069106 -0.072279 0.000000
vn 0.073305 -0.068017 0.000000
vn 0.073305 -0.068017 0.000000
vn 0.077242 -0.063512 0.000000
vn 0.077242 -0.063512 0.000000
vn 0.080902 -0.058779 0.000000
vn 0.080902 -0.058779 0.000000
vn 0.084272 -0.053835 0.000000
vn 0.084272 -0.053835 0.000000
vn 0.087341 -0.048699 0.000000
vn 0.087341 -0.048699 0.000000
vn 0.090097 -0.043388 0.000000
vn 0.090097 -0.043388 0.000000
vn 0.092530 -0.037923 0.000000
vn 0.092530 -0.037923 0.000000
vn 0.094633 -0.032321 0.000000
vn 0.094633 -0.032321 0.000000
vn 0.096396 -0.026604 0.000000
vn 0.096396 -0.026604 0.000000
vn 0.097815 -0.020791 0.000000
vn 0.097815 -0.020791 0.000000
vn 0.098883 -0.014904 0.000000
vn 0.098883 -0.014904 0.000000
vn 0.099597 -0.008964 0.000000
vn 0.099597 -0.008964 0.000000
vn 0.099955 -0.002992 0.000000
vn 0.099955 -0.002992 0.000000
vn 0.099955 0.002992 0.000000
vn 0.099955 0.002992 0.000000
vn 0.099597 0.008964 0.000000
vn 0.099597 0.008964 0.000000
vn 0.098883 0.014904 0.000000
vn 0.098883 0.014904 0.000000
vn 0.097815 0.020791 0.000000
vn 0.097815 0.020791 0.000000
vn 0.096396 0.026604 0.000000
vn 0.096396 0.026604 0.000000
vn 0.094633 0.032321 0.000000
vn 0.094633 0.032321 0.000000
vn 0.092530 0.037923 0.000000
vn 0.092530 0.037923 0.000000
vn 0.090097 0.043388 0.000000
vn 0.090097 0.043388 0.000000
vn 0.087341 0.048699 0.000000
vn 0.087341 0.048699 0.000000
vn 0.084272 0.053835 0.000000
vn 0.084272 0.053835 0.000000
vn 0.080902 0.058779 0.000000
vn 0.080902 0.058779 0.000000
vn 0.077242 0.063512 0.000000
vn 0.077242 0.063512 0.000000
vn 0.073305 0.068017 0.000000
vn 0.073305 0.068017 0.000000
vn 0.069106 0.072279 0.000000
vn 0.069106 0.072279 0.000000
vn 0.064660 0.076283 0.000000
vn 0.064660 0.076283 0.000000
vn 0.059982 0.080013 0.000000
vn 0.059982 0.080013 0.000000
vn 0.055090 0.083457 0.000000
vn 0.055090 0.083457 0.000000
vn 0.050000 0.086603 0.000000
vn 0.050000 0.086603 0.000000
vn 0.044731 0.089438 0.000000
vn 0.044731 0.089438 0.000000
vn 0.039303 0.091953 0.000000
vn 0.039303 0.091953 0.000000
vn 0.033733 0.094139 0.000000
vn 0.033733 0.094139 0.000000
vn 0.028043 0.095988 0.000000
vn 0.028043 0.095988 0.000000
vn 0.022252 0.097493 0.000000
vn 0.022252 0.097493 0.000000
vn 0.016382 0.098649 0.000000
vn 0.016382 0.098649 0.000000
vn 0.010453 0.099452 0.000000
vn 0.010453 0.099452 0.000000
vn 0.004486 0.099899 0.000000
vn 0.004486 0.099899 0.000000
vn -0.001496 0.099989 -0.000000
vn -0.001496 0.099989 -0.000000
vn -0.007473 0.099720 -0.000000
vn -0.007473 0.099720 -0.000000
vn -0.013423 0.099095 -0.000000
vn -0.013423 0.099095 -0.000000
vn -0.019326 0.098115 -0.000000
vn -0.019326 0.098115 -0.000000
vn -0.025159 0.096783 -0.000000
vn -0.025159 0.096783 -0.000000
vn -0.030902 0.095106 -0.000000
vn -0.030902 0.095106 -0.000000
vn -0.036534 0.093087 -0.000000
vn -0.036534 0.093087 -0.000000
vn -0.042036 0.090736 -0.000000
vn -0.042036 0.090736 -0.000000
vn -0.047387 0.088060 -0.000000
vn -0.047387 0.088060 -0.000000
vn -0.052568 0.085068 -0.000000
vn -0.052568 0.085068 -0.000000
vn -0.057562 0.081772 -0.000000
vn -0.057562 0.081772 -0.000000
vn -0.062349 0.078183 -0.000000
vn -0.062349 0.078183 -0.000000
vn -0.066913 0.074314 -0.000000
vn -0.066913 0.074314 -0.000000
vn -0.071238 0.070180 -0.000000
vn -0.071238 0.070180 -0.000000
vn -0.075307 0.065794 -0.000000
vn -0.075307 0.065794 -0.000000
vn -0.079107 0.061172 -0.000000
vn -0.079107 0.061172 -0.000000
vn -0.082624 0.056332 -0.000000
vn -0.082624 0.056332 -0.000000
vn -0.085845 0.051290 -0.000000
vn -0.085845 0.051290 -0.000000
vn -0.088759 0.046064 -0.000000
vn -0.088759 0.046064 -0.000000
vn -0.091355 0.040674 -0.000000
vn -0.091355 0.040674 -0.000000
vn -0.093623 0.035137 -0.000000
vn -0.093623 0.035137 -0.000000
vn -0.095557 0.029476 -0.000000
vn -0.095557 0.029476 -0.000000
vn -0.097149 0.023708 -0.000000
vn -0.097149 0.023708 -0.000000
vn -0.098393 0.017856 -0.000000
vn -0.098393 0.017856 -0.000000
vn -0.099285 0.011939 -0.000000
vn -0.099285 0.011939 -0.000000
vn 0.000000 0.000000 0.100000
vn 0.000000 0.000000 0.100000
vn 0.000000 0.000000 0.100000
vn 0.000000 0.000000 0.100000
vn 0.000000 0.000000 0.100000
vn 0.000000 0.000000 0.100000
vn 0.000000 0.000000 0.100000
vn 0.000000 0.000000 0.100000
vn 0.000000 0.000000 0.100000
vn 0.000000 0.000000 0.100000
vn 0.000000 0.000000 0.100000
vn 0.000000 0.000000 0.100000
vn 0.000000 0.000000 0.100000
vn 0.000000 0.000000 0.100000
vn 0.000000 0.000000 0.100000
vn 0.000000 0.000000 0.100000
vn 0.000000 0.000000 0.100000
vn 0.000000 0.000000 0.100000
vn 0.000000 0.000000 0.100000
vn 0.000000 0.000000 0.100000
vn 0.000000 0.000000 0.100000
vn 0.000000 0.000000 0.100000
vn 0.000000 0.000000 0.100000
vn 0.000000 0.000000 0.100000
vn 0.000000 0.000000 0.100000
vn 0.000000 0.000000 0.100000
vn 0.000000 0.000000 0.100000
vn 0.000000 0.000000 0.100000
vn 0.000000 0.000000 0.100000
vn 0.000000 0.000000 0.100000
vn 0.000000 0.000000 0.100000
vn 0.000000 0.000000 0.100000
vn 0.000000 0.000000 0.100000
vn 0.000000 0.000000 0.100000
vn 0.000000 0.000000 0.100000
vn 0.000000 0.000000 0.100000
vn 0.000000 0.000000 0.100000
vn 0.000000 0.000000 0.100000
vn 0.000000 0.000000 0.100000
vn 0.000000 0.000000 0.100000
vn 0.000000 0.000000 0.100000
vn 0.000000 0.000000 0.100000
vn 0.000000 0.000000 0.100000
vn 0.000000 0.000000 0.100000
vn 0.000000 0.000000 0.100000
vn 0.000000 0.000000 0.100000
vn 0.000000 0.000000 0.100000
vn 0.000000 0.000000 0.100000
vn 0.000000 0.000000 0.100000
vn 0.000000 0.000000 0.100000
vn 0.000000 0.000000 0.100000
vn 0.000000 0.000000 0.100000
vn 0.000000 0.000000 0.100000
vn 0.000000 0.000000 0.100000
vn 0.000000 0.000000 0.100000
vn 0.000000 0.000000 0.100000
vn 0.000000 0.000000 0.100000
vn 0.000000 0.000000 0.100000
vn 0.000000 0.000000 0.100000
vn 0.000000 0.000000 0.100000
vn 0.000000 0.000000 0.100000
vn 0.000000 0.000000 0.100000
vn 0.000000 0.000000 0.100000
vn 0.000000 0.000000 0.100000
vn 0.000000 0.000000 0.100000
vn 0.000000 0.000000 0.100000
vn 0.000000 0.000000 0.100000
vn 0.000000 0.000000 0.100000
vn 0.000000 0.000000 0.100000
vn 0.000000 0.000000 0.100000
vn 0.000000 0.000000 0.100000
vn 0.000000 0.000000 0.100000
vn 0.000000 0.000000 0.100000
vn 0.000000 0.000000 0.100000
vn 0.000000 0.000000 0.100000
vn 0.000000 0.000000 0.100000
vn 0.000000 0.000000 0.100000
vn 0.000000 0.000000 0.100000
vn 0.000000 0.000000 0.100000
vn 0.000000 0.000000 0.100000
vn 0.000000 0.000000 0.100000
vn 0.000000 0.000000 0.100000
vn 0.000000 0.000000 0.100000
vn 0.000000 0.000000 0.100000
vn 0.000000 0.000000 0.100000
vn 0.000000 0.000000 0.100000
vn 0.000000 0.000000 0.100000
vn 0.000000 0.000000 0.100000
vn 0.000000 0.000000 0.100000
vn 0.000000 0.000000 0.100000
vn 0.000000 0.000000 0.100000
vn 0.000000 0.000000 0.100000
vn 0.000000 0.000000 0.100000
vn 0.000000 0.000000 0.100000
vn 0.000000 0.000000 0.100000
vn 0.000000 0.000000 0.100000
vn 0.000000 0.000000 0.100000
vn 0.000000 0.000000 0.100000
vn 0.000000 0.000000 0.100000
vn 0.000000 0.000000 0.100000
vn 0.000000 0.000000 0.100000
vn 0.000000 0.000000 0.100000
vn 0.000000 0.000000 0.100000
vn 0.000000 0.000000 0.100000
vn 0.000000 0.000000 0.100000
vn 0.000000 0.000000 0.100000
vn 0.000000 0.000000 0.100000
vn 0.000000 0.000000 0.100000
vn 0.000000 0.000000 0.100000
vn 0.000000 0.000000 0.100000
vn 0.000000 0.000000 0.100000
vn 0.000000 0.000000 0.100000
vn 0.000000 0.000000 0.100000
vn 0.000000 0.000000 0.100000
vn 0.000000 0.000000 0.100000
vn 0.000000 0.000000 0.100000
vn 0.000000 0.000000 0.100000
vn 0.000000 0.000000 0.100000
vn 0.000000 0.000000 0.100000
vn 0.000000 0.000000 0.100000
vn 0.000000 0.000000 0.100000
vn 0.000000 0.000000 0.100000
vn 0.000000 0.000000 0.100000
vn 0.000000 0.000000 0.100000
vn 0.000000 0.000000 0.100000
vn 0.000000 0.000000 0.100000
vn 0.000000 0.000000 0.100000
vn 0.000000 0.000000 0.100000
vn 0.000000 0.000000 0.100000
vn 0.000000 0.000000 0.100000
vn 0.000000 0.000000 0.100000
vn 0.000000 0.000000 0.100000
vn 0.000000 0.000000 0.100000
vn 0.000000 0.000000 0.100000
vn 0.000000 0.000000 0.100000
vn 0.000000 0.000000 0.100000
vn 0.000000 0.000000 0.100000
vn 0.000000 0.000000 0.100000
vn 0.000000 0.000000 0.100000
vn 0.000000 0.000000 0.100000
vn 0.000000 0.000000 0.100000
vn 0.000000 0.000000 0.100000
vn 0.000000 0.000000 0.100000
vn 0.000000 0.000000 0.100000
vn 0.000000 0.000000 0.100000
vn 0.000000 0.000000 0.100000
vn 0.000000 0.000000 0.100000
vn 0.000000 0.000000 0.100000
vn 0.000000 0.000000 0.100000
vn 0.000000 0.000000 0.100000
vn 0.000000 0.000000 0.100000
vn 0.000000 0.000000 0.100000
vn 0.000000 0.000000 0.100000
vn 0.000000 0.000000 0.100000
vn 0.000000 0.000000 0.100000
vn 0.000000 0.000000 0.100000
vn 0.000000 0.000000 0.100000
vn 0.000000 0.000000 0.100000
vn 0.000000 0.000000 0.100000
vn 0.000000 0.000000 0.100000
vn 0.000000 0.000000 0.100000
vn 0.000000 0.000000 0.100000
vn 0.000000 0.000000 0.100000
vn 0.000000 0.000000 0.100000
vn 0.000000 0.000000 0.100000
vn 0.000000 0.000000 0.100000
vn 0.000000 0.000000 0.100000
vn 0.000000 0.000000 0.100000
vn 0.000000 0.000000 0.100000
vn 0.000000 0.000000 0.100000
vn 0.000000 0.000000 0.100000
vn 0.000000 0.000000 0.100000
vn 0.000000 0.000000 0.100000
vn 0.000000 0.000000 0.100000
vn 0.000000 0.000000 0.100000
vn 0.000000 0.000000 0.100000
vn 0.000000 0.000000 0.100000
vn 0.000000 0.000000 0.100000
vn 0.000000 0.000000 0.100000
vn 0.000000 0.000000 0.100000
vn 0.000000 0.000000 0.100000
vn 0.000000 0.000000 0.100000
vn 0.000000 0.000000 0.100000
vn 0.000000 0.000000 0.100000
vn 0.000000 0.000000 0.100000
vn 0.000000 0.000000 0.100000
vn 0.000000 0.000000 0.100000
vn 0.000000 0.000000 0.100000
vn 0.000000 0.000000 0.100000
vn 0.000000 0.000000 0.100000
vn 0.000000 0.000000 0.100000
vn 0.000000 0.000000 0.100000
vn 0.000000 0.000000 0.100000
vn 0.000000 0.000000 0.100000
vn 0.000000 0.000000 0.100000
vn 0.000000 0.000000 0.100000
vn 0.000000 0.000000 0.100000
vn 0.000000 0.000000 0.100000
vn 0.000000 0.000000 0.100000
vn 0.000000 0.000000 0.100000
vn 0.000000 0.000000 0.100000
vn 0.000000 0.000000 0.100000
vn 0.000000 0.000000 0.100000
vn 0.000000 0.000000 0.100000
vn 0.000000 0.000000 0.100000
vn 0.000000 0.000000 0.100000
vn 0.000000 0.000000 0.100000
vn 0.000000 0.000000 0.100000
vn 0.000000 0.000000 0.100000
vn 0.000000 0.000000 0.100000
vn 0.000000 0.000000 0.100000
vn 0.000000 0.000000 0.100000
vn 0.000000 0.000000 0.100000
vn 0.000000 0.000000 0.100000
vn 0.000000 0.000000 0.100000
vn 0.000000 0.000000 0.100000
vn 0.000000 0.000000 0.100000
vn 0.000000 0.000000 0.100000
vn 0.000000 0.000000 0.100000
vn 0.000000 0.000000 0.100000
vn 0.000000 0.000000 0.100000
vn 0.000000 0.000000 0.100000
vn 0.000000 0.000000 0.100000
vn 0.000000 0.000000 0.100000
vn 0.000000 0.000000 0.100000
vn 0.000000 0.000000 0.100000
vn 0.000000 0.000000 0.100000
vn 0.000000 0.000000 0.100000
vn 0.000000 0.000000 0.100000
vn 0.000000 0.000000 0.100000
vn 0.000000 0.000000 0.100000
vn 0.000000 0.000000 0.100000
vn 0.000000 0.000000 0.100000
vn 0.000000 0.000000 0.100000
vn 0.000000 0.000000 0.100000
vn 0.000000 0.000000 0.100000
vn 0.000000 0.000000 0.100000
vn 0.000000 0.000000 0.100000
vn 0.000000 0.000000 0.100000
vn 0.000000 0.000000 0.100000
vn 0.000000 0.000000 0.100000
vn 0.000000 0.000000 0.100000
vn 0.000000 0.000000 0.100000
vn 0.000000 0.000000 0.100000
vn 0.000000 0.000000 0.100000
vn 0.000000 0.000000 0.100000
vn 0.000000 0.000000 0.100000
vn 0.000000 0.000000 0.100000
vn 0.000000 0.000000 0.100000
vn 0.000000 0.000000 0.100000
vn 0.000000 0.000000 0.100000
vn 0.000000 0.000000 0.100000
vn 0.000000 0.000000 0.100000
vn 0.000000 0.000000 0.100000
vn 0.000000 0.000000 0.100000
vn 0.000000 0.000000 0.100000
vn 0.000000 0.000000 0.100000
vn 0.000000 0.000000 0.100000
vn 0.000000 0.000000 0.100000
vn 0.000000 0.000000 0.100000
vn 0.000000 0.000000 0.100000
vn 0.000000 0.000000 0.100000
vn 0.000000 0.000000 0.100000
vn 0.000000 0.000000 0.100000
vn 0.000000 0.000000 0.100000
vn 0.000000 0.000000 0.100000
vn 0.000000 0.000000 0.100000
vn 0.000000 0.000000 0.100000
vn 0.000000 0.000000 0.100000
vn 0.000000 0.000000 0.100000
vn 0.000000 0.000000 0.100000
vn 0.000000 0.000000 0.100000
vn 0.000000 0.000000 0.100000
vn 0.000000 0.000000 0.100000
vn 0.000000 0.000000 0.100000
vn 0.000000 0.000000 0.100000
vn 0.000000 0.000000 0.100000
vn 0.000000 0.000000 0.100000
vn 0.000000 0.000000 0.100000
vn 0.000000 0.000000 0.100000
vn 0.000000 0.000000 0.100000
vn 0.000000 0.000000 0.100000
vn 0.000000 0.000000 0.100000
vn 0.000000 0.000000 0.100000
vn 0.000000 0.000000 0.100000
vn 0.000000 0.000000 0.100000
vn 0.000000 0.000000 0.100000
vn 0.000000 0.000000 0.100000
vn 0.000000 0.000000 0.100000
vn 0.000000 0.000000 0.100000
vn 0.000000 0.000000 0.100000
vn 0.000000 0.000000 0.100000
vn 0.000000 0.000000 0.100000
vn 0.000000 0.000000 0.100000
vn 0.000000 0.000000 0.100000
vn 0.000000 0.000000 0.100000
vn 0.000000 0.000000 0.100000
vn 0.000000 0.000000 0.100000
vn 0.000000 0.000000 -0.100000
vn 0.000000 0.000000 -0.100000
vn 0.000000 0.000000 -0.100000
vn 0.000000 0.000000 -0.100000
vn 0.000000 0.000000 -0.100000
vn 0.000000 0.000000 -0.100000
vn 0.000000 0.000000 -0.100000
vn 0.000000 0.000000 -0.100000
vn 0.000000 0.000000 -0.100000
vn 0.000000 0.000000 -0.100000
vn 0.000000 0.000000 -0.100000
vn 0.000000 0.000000 -0.100000
vn 0.000000 0.000000 -0.100000
vn 0.000000 0.000000 -0.100000
vn 0.000000 0.000000 -0.100000
vn 0.000000 0.000000 -0.100000
vn 0.000000 0.000000 -0.100000
vn 0.000000 0.000000 -0.100000
vn 0.000000 0.000000 -0.100000
vn 0.000000 0.000000 -0.100000
vn 0.000000 0.000000 -0.100000
vn 0.000000 0.000000 -0.100000
vn 0.000000 0.000000 -0.100000
vn 0.000000 0.000000 -0.100000
vn 0.000000 0.000000 -0.100000
vn 0.000000 0.000000 -0.100000
vn 0.000000 0.000000 -0.100000
vn 0.000000 0.000000 -0.100000
vn 0.000000 0.000000 -0.100000
vn 0.000000 0.000000 -0.100000
vn 0.000000 0.000000 -0.100000
vn 0.000000 0.000000 -0.100000
vn 0.000000 0.000000 -0.100000
vn 0.000000 0.000000 -0.100000
vn 0.000000 0.000000 -0.100000
vn 0.000000 0.000000 -0.100000
vn 0.000000 0.000000 -0.100000
vn 0.000000 0.000000 -0.100000
vn 0.000000 0.000000 -0.100000
vn 0.000000 0.000000 -0.100000
vn 0.000000 0.000000 -0.100000
vn 0.000000 0.000000 -0.100000
vn 0.000000 0.000000 -0.100000
vn 0.000000 0.000000 -0.100000
vn 0.000000 0.000000 -0.100000
vn 0.000000 0.000000 -0.100000
vn 0.000000 0.000000 -0.100000
vn 0.000000 0.000000 -0.100000
vn 0.000000 0.000000 -0.100000
vn 0.000000 0.000000 -0.100000
vn 0.000000 0.000000 -0.100000
vn 0.000000 0.000000 -0.100000
vn 0.000000 0.000000 -0.100000
vn 0.000000 0.000000 -0.100000
vn 0.000000 0.000000 -0.100000
vn 0.000000 0.000000 -0.100000
vn 0.000000 0.000000 -0.100000
vn 0.000000 0.000000 -0.100000
vn 0.000000 0.000000 -0.100000
vn 0.000000 0.000000 -0.100000
vn 0.000000 0.000000 -0.100000
vn 0.000000 0.000000 -0.100000
vn 0.000000 0.000000 -0.100000
vn 0.000000 0.000000 -0.100000
vn 0.000000 0.000000 -0.100000
vn 0.000000 0.000000 -0.100000
vn 0.000000 0.000000 -0.100000
vn 0.000000 0.000000 -0.100000
vn 0.000000 0.000000 -0.100000
vn 0.000000 0.000000 -0.100000
vn 0.000000 0.000000 -0.100000
vn 0.000000 0.000000 -0.100000
vn 0.000000 0.000000 -0.100000
vn 0.000000 0.000000 -0.100000
vn 0.000000 0.000000 -0.100000
vn 0.000000 0.000000 -0.100000
vn 0.000000 0.000000 -0.100000
vn 0.000000 0.000000 -0.100000
vn 0.000000 0.000000 -0.100000
vn 0.000000 0.000000 -0.100000
vn 0.000000 0.000000 -0.100000
vn 0.000000 0.000000 -0.100000
vn 0.000000 0.000000 -0.100000
vn 0.000000 0.000000 -0.100000
vn 0.000000 0.000000 -0.100000
vn 0.000000 0.000000 -0.100000
vn 0.000000 0.000000 -0.100000
vn 0.000000 0.000000 -0.100000
vn 0.000000 0.000000 -0.100000
vn 0.000000 0.000000 -0.100000
vn 0.000000 0.000000 -0.100000
vn 0.000000 0.000000 -0.100000
vn 0.000000 0.000000 -0.100000
vn 0.000000 0.000000 -0.100000
vn 0.000000 0.000000 -0.100000
vn 0.000000 0.000000 -0.100000
vn 0.000000 0.000000 -0.100000
vn 0.000000 0.000000 -0.100000
vn 0.000000 0.000000 -0.100000
vn 0.000000 0.000000 -0.100000
vn 0.000000 0.000000 -0.100000
vn 0.000000 0.000000 -0.100000
vn 0.000000 0.000000 -0.100000
vn 0.000000 0.000000 -0.100000
vn 0.000000 0.000000 -0.100000
usemtl Steel_-_Satin
f 1/1/1 2/2/2 4/3/3
f 4/3/3 2/2/2 3/4/4
f 5/5/5 6/6/6 72/7/7
f 72/7/7 6/6/6 71/8/8
f 71/8/8 6/6/6 7/9/9
f 71/8/8 7/9/9 70/10/10
f 70/10/10 7/9/9 8/11/11
f 70/10/10 8/11/11 69/12/12
f 69/12/12 8/11/11 9/13/13
f 69/12/12 9/13/13 68/14/14
f 68/14/14 9/13/13 10/15/15
f 68/14/14 10/15/15 67/16/16
f 67/16/16 10/15/15 11/17/17
f 67/16/16 11/17/17 66/18/18
f 66/18/18 11/17/17 12/19/19
f 66/18/18 12/19/19 65/20/20
f 65/20/20 12/19/19 13/21/21
f 65/20/20 13/21/21 64/22/22
f 64/22/22 13/21/21 14/23/23
f 64/22/22 14/23/23 63/24/24
f 63/24/24 14/23/23 15/25/25
f 63/24/24 15/25/25 62/26/26
f 62/26/26 15/25/25 16/27/27
f 62/26/26 16/27/27 61/28/28
f 61/28/28 16/27/27 17/29/29
f 61/28/28 17/29/29 60/30/30
f 60/30/30 17/29/29 18/31/31
f 60/30/30 18/31/31 59/32/32
f 59/32/32 18/31/31 19/33/33
f 59/32/32 19/33/33 58/34/34
f 58/34/34 19/33/33 20/35/35
f 58/34/34 20/35/35 57/36/36
f 57/36/36 20/35/35 21/37/37
f 57/36/36 21/37/37 56/38/38
f 56/38/38 21/37/37 22/39/39
f 56/38/38 22/39/39 55/40/40
f 55/40/40 22/39/39 23/41/41
f 55/40/40 23/41/41 54/42/42
f 54/42/42 23/41/41 24/43/43
f 54/42/42 24/43/43 53/44/44
f 53/44/44 24/43/43 25/45/45
f 53/44/44 25/45/45 52/46/46
f 52/46/46 25/45/45 26/47/47
f 52/46/46 26/47/47 51/48/48
f 51/48/48 26/47/47 27/49/49
f 51/48/48 27/49/49 50/50/50
f 50/50/50 27/49/49 28/51/51
f 50/50/50 28/51/51 49/52/52
f 49/52/52 28/51/51 29/53/53
f 49/52/52 29/53/53 48/54/54
f 48/54/54 29/53/53 30/55/55
f 48/54/54 30/55/55 47/56/56
f 47/56/56 30/55/55 31/57/57
f 47/56/56 31/57/57 46/58/58
f 46/58/58 31/57/57 32/59/59
f 46/58/58 32/59/59 45/60/60
f 45/60/60 32/59/59 33/61/61
f 45/60/60 33/61/61 44/62/62
f 44/62/62 33/61/61 34/63/63
f 44/62/62 34/63/63 43/64/64
f 43/64/64 34/63/63 35/65/65
f 43/64/64 35/65/65 42/66/66
f 42/66/66 35/65/65 36/67/67
f 42/66/66 36/67/67 41/68/68
f 41/68/68 36/67/67 37/69/69
f 41/68/68 37/69/69 40/70/70
f 40/70/70 37/69/69 38/71/71
f 40/70/70 38/71/71 39/72/72
f 39/72/72 38/71/71 1/73/1
f 39/72/72 1/73/1 4/74/3
f 73/75/73 5/76/5 74/77/74
f 74/77/74 5/76/5 72/78/7
f 2/79/75 73/80/76 3/81/77
f 3/81/77 73/80/76 74/82/78
f 74/83/79 72/84/80 3/85/81
f 3/85/81 72/84/80 4/86/82
f 4/86/82 72/84/80 46/87/83
f 4/86/82 46/87/83 45/88/84
f 71/89/85 70/90/86 72/84/80
f 72/84/80 70/90/86 69/91/87
f 72/84/80 69/91/87 68/92/88
f 68/92/88 67/93/89 72/84/80
f 72/84/80 67/93/89 66/94/90
f 72/84/80 66/94/90 65/95/91
f 65/95/91 64/96/92 72/84/80
f 72/84/80 64/96/92 47/97/93
f 72/84/80 47/97/93 46/87/83
f 64/96/92 63/98/94 47/97/93
f 47/97/93 63/98/94 62/99/95
f 47/97/93 62/99/95 48/100/96
f 48/100/96 62/99/95 61/101/97
f 48/100/96 61/101/97 49/102/98
f 49/102/98 61/101/97 60/103/99
f 49/102/98 60/103/99 50/104/100
f 50/104/100 60/103/99 59/105/101
f 50/104/100 59/105/101 51/106/102
f 51/106/102 59/105/101 58/107/103
f 51/106/102 58/107/103 52/108/104
f 52/108/104 58/107/103 57/109/105
f 52/108/104 57/109/105 56/110/106
f 55/111/107 54/112/108 56/110/106
f 56/110/106 54/112/108 53/113/109
f 56/110/106 53/113/109 52/108/104
f 45/88/84 44/114/110 4/86/82
f 4/86/82 44/114/110 43/115/111
f 4/86/82 43/115/111 42/116/112
f 42/116/112 41/117/113 4/86/82
f 4/86/82 41/117/113 40/118/114
f 4/86/82 40/118/114 39/119/115
f 75/120/116 76/121/117 78/122/118
f 78/122/118 76/121/117 77/123/119
f 79/124/120 80/125/121 230/126/122
f 230/126/122 80/125/121 229/127/123
f 229/127/123 80/125/121 81/128/124
f 229/127/123 81/128/124 228/129/125
f 228/129/125 81/128/124 82/130/126
f 228/129/125 82/130/126 227/131/127
f 227/131/127 82/130/126 83/132/128
f 227/131/127 83/132/128 226/133/129
f 226/133/129 83/132/128 84/134/130
f 226/133/129 84/134/130 225/135/131
f 225/135/131 84/134/130 85/136/132
f 225/135/131 85/136/132 224/137/133
f 224/137/133 85/136/132 86/138/134
f 224/137/133 86/138/134 223/139/135
f 223/139/135 86/138/134 87/140/136
f 223/139/135 87/140/136 222/141/137
f 222/141/137 87/140/136 88/142/138
f 222/141/137 88/142/138 221/143/139
f 221/143/139 88/142/138 89/144/140
f 221/143/139 89/144/140 220/145/141
f 220/145/141 89/144/140 90/146/142
f 220/145/141 90/146/142 219/147/143
f 219/147/143 90/146/142 91/148/144
f 219/147/143 91/148/144 218/149/145
f 218/149/145 91/148/144 92/150/146
f 218/149/145 92/150/146 217/151/147
f 217/151/147 92/150/146 93/152/148
f 217/151/147 93/152/148 216/153/149
f 216/153/149 93/152/148 94/154/150
f 216/153/149 94/154/150 215/155/151
f 215/155/151 94/154/150 95/156/152
f 215/155/151 95/156/152 214/157/153
f 214/157/153 95/156/152 96/158/154
f 214/157/153 96/158/154 213/159/155
f 213/159/155 96/158/154 97/160/156
f 213/159/155 97/160/156 212/161/157
f 212/161/157 97/160/156 98/162/158
f 212/161/157 98/162/158 211/163/159
f 211/163/159 98/162/158 99/164/160
f 211/163/159 99/164/160 210/165/161
f 210/165/161 99/164/160 100/166/162
f 210/165/161 100/166/162 209/167/163
f 209/167/163 100/166/162 101/168/164
f 209/167/163 101/168/164 208/169/165
f 208/169/165 101/168/164 102/170/166
f 208/169/165 102/170/166 207/171/167
f 207/171/167 102/170/166 103/172/168
f 207/171/167 103/172/168 206/173/169
f 206/173/169 103/172/168 104/174/170
f 206/173/169 104/174/170 205/175/171
f 205/175/171 104/174/170 105/176/172
f 205/175/171 105/176/172 204/177/173
f 204/177/173 105/176/172 106/178/174
f 204/177/173 106/178/174 203/179/175
f 203/179/175 106/178/174 107/180/176
f 203/179/175 107/180/176 202/181/177
f 202/181/177 107/180/176 108/182/178
f 202/181/177 108/182/178 201/183/179
f 201/183/179 108/182/178 109/184/180
f 201/183/179 109/184/180 200/185/181
f 200/185/181 109/184/180 110/186/182
f 200/185/181 110/186/182 199/187/183
f 199/187/183 110/186/182 111/188/184
f 199/187/183 111/188/184 198/189/185
f 198/189/185 111/188/184 112/190/186
f 198/189/185 112/190/186 197/191/187
f 197/191/187 112/190/186 113/192/188
f 197/191/187 113/192/188 196/193/189
f 196/193/189 113/192/188 114/194/190
f 196/193/189 114/194/190 195/195/191
f 195/195/191 114/194/190 115/196/192
f 195/195/191 115/196/192 194/197/193
f 194/197/193 115/196/192 116/198/194
f 194/197/193 116/198/194 193/199/195
f 193/199/195 116/198/194 117/200/196
f 193/199/195 117/200/196 192/201/197
f 192/201/197 117/200/196 118/202/198
f 192/201/197 118/202/198 191/203/199
f 191/203/199 118/202/198 119/204/200
f 191/203/199 119/204/200 190/205/201
f 190/205/201 119/204/200 120/206/202
f 190/205/201 120/206/202 189/207/203
f 189/207/203 120/206/202 121/208/204
f 189/207/203 121/208/204 188/209/205
f 188/209/205 121/208/204 122/210/206
f 188/209/205 122/210/206 187/211/207
f 187/211/207 122/210/206 123/212/208
f 187/211/207 123/212/208 186/213/209
f 186/213/209 123/212/208 124/214/210
f 186/213/209 124/214/210 185/215/211
f 185/215/211 124/214/210 125/216/212
f 185/215/211 125/216/212 184/217/213
f 184/217/213 125/216/212 126/218/214
f 184/217/213 126/218/214 183/219/215
f 183/219/215 126/218/214 127/220/216
f 183/219/215 127/220/216 182/221/217
f 182/221/217 127/220/216 128/222/218
f 182/221/217 128/222/218 181/223/219
f 181/223/219 128/222/218 129/224/220
f 181/223/219 129/224/220 180/225/221
f 180/225/221 129/224/220 130/226/222
f 180/225/221 130/226/222 179/227/223
f 179/227/223 130/226/222 131/228/224
f 179/227/223 131/228/224 178/229/225
f 178/229/225 131/228/224 132/230/226
f 178/229/225 132/230/226 177/231/227
f 177/231/227 132/230/226 133/232/228
f 177/231/227 133/232/228 176/233/229
f 176/233/229 133/232/228 134/234/230
f 176/233/229 134/234/230 175/235/231
f 175/235/231 134/234/230 135/236/232
f 175/235/231 135/236/232 174/237/233
f 174/237/233 135/236/232 136/238/234
f 174/237/233 136/238/234 173/239/235
f 173/239/235 136/238/234 137/240/236
f 173/239/235 137/240/236 172/241/237
f 172/241/237 137/240/236 138/242/238
f 172/241/237 138/242/238 171/243/239
f 171/243/239 138/242/238 139/244/240
f 171/243/239 139/244/240 170/245/241
f 170/245/241 139/244/240 140/246/242
f 170/245/241 140/246/242 169/247/243
f 169/247/243 140/246/242 141/248/244
f 169/247/243 141/248/244 168/249/245
f 168/249/245 141/248/244 142/250/246
f 168/249/245 142/250/246 167/251/247
f 167/251/247 142/250/246 143/252/248
f 167/251/247 143/252/248 166/253/249
f 166/253/249 143/252/248 144/254/250
f 166/253/249 144/254/250 165/255/251
f 165/255/251 144/254/250 145/256/252
f 165/255/251 145/256/252 164/257/253
f 164/257/253 145/256/252 146/258/254
f 164/257/253 146/258/254 163/259/255
f 163/259/255 146/258/254 147/260/256
f 163/259/255 147/260/256 162/261/257
f 162/261/257 147/260/256 148/262/258
f 162/261/257 148/262/258 161/263/259
f 161/263/259 148/262/258 149/264/260
f 161/263/259 149/264/260 160/265/261
f 160/265/261 149/264/260 150/266/262
f 160/265/261 150/266/262 159/267/263
f 159/267/263 150/266/262 151/268/264
f 159/267/263 151/268/264 158/269/265
f 158/269/265 151/268/264 152/270/266
f 158/269/265 152/270/266 157/271/267
f 157/271/267 152/270/266 153/272/268
f 157/271/267 153/272/268 156/273/269
f 156/273/269 153/272/268 154/274/270
f 156/273/269 154/274/270 155/275/271
f 155/275/271 154/274/270 75/276/272
f 155/275/271 75/276/272 78/277/273
f 76/278/274 231/279/275 77/280/276
f 77/280/276 231/279/275 380/281/277
f 380/281/277 231/279/275 232/282/278
f 380/281/277 232/282/278 379/283/279
f 379/283/279 232/282/278 233/284/280
f 379/283/279 233/284/280 378/285/281
f 378/285/281 233/284/280 234/286/282
f 378/285/281 234/286/282 377/287/283
f 377/287/283 234/286/282 235/288/284
f 377/287/283 235/288/284 376/289/285
f 376/289/285 235/288/284 236/290/286
f 376/289/285 236/290/286 375/291/287
f 375/291/287 236/290/286 237/292/288
f 375/291/287 237/292/288 374/293/289
f 374/293/289 237/292/288 238/294/290
f 374/293/289 238/294/290 373/295/291
f 373/295/291 238/294/290 239/296/292
f 373/295/291 239/296/292 372/297/293
f 372/297/293 239/296/292 240/298/294
f 372/297/293 240/298/294 371/299/295
f 371/299/295 240/298/294 241/300/296
f 371/299/295 241/300/296 370/301/297
f 370/301/297 241/300/296 242/302/298
f 370/301/297 242/302/298 369/303/299
f 369/303/299 242/302/298 243/304/300
f 369/303/299 243/304/300 368/305/301
f 368/305/301 243/304/300 244/306/302
f 368/305/301 244/306/302 367/307/303
f 367/307/303 244/306/302 245/308/304
f 367/307/303 245/308/304 366/309/305
f 366/309/305 245/308/304 246/310/306
f 366/309/305 246/310/306 365/311/307
f 365/311/307 246/310/306 247/312/308
f 365/311/307 247/312/308 364/313/309
f 364/313/309 247/312/308 248/314/310
f 364/313/309 248/314/310 363/315/311
f 363/315/311 248/314/310 249/316/312
f 363/315/311 249/316/312 362/317/313
f 362/317/313 249/316/312 250/318/314
f 362/317/313 250/318/314 361/319/315
f 361/319/315 250/318/314 251/320/316
f 361/319/315 251/320/316 360/321/317
f 360/321/317 251/320/316 252/322/318
f 360/321/317 252/322/318 359/323/319
f 359/323/319 252/322/318 253/324/320
f 359/323/319 253/324/320 358/325/321
f 358/325/321 253/324/320 254/326/322
f 358/325/321 254/326/322 357/327/323
f 357/327/323 254/326/322 255/328/324
f 357/327/323 255/328/324 356/329/325
f 356/329/325 255/328/324 256/330/326
f 356/329/325 256/330/326 355/331/327
f 355/331/327 256/330/326 257/332/328
f 355/331/327 257/332/328 354/333/329
f 354/333/329 257/332/328 258/334/330
f 354/333/329 258/334/330 353/335/331
f 353/335/331 258/334/330 259/336/332
f 353/335/331 259/336/332 352/337/333
f 352/337/333 259/336/332 260/338/334
f 352/337/333 260/338/334 351/339/335
f 351/339/335 260/338/334 261/340/336
f 351/339/335 261/340/336 350/341/337
f 350/341/337 261/340/336 262/342/338
f 350/341/337 262/342/338 349/343/339
f 349/343/339 262/342/338 263/344/340
f 349/343/339 263/344/340 348/345/341
f 348/345/341 263/344/340 264/346/342
f 348/345/341 264/346/342 347/347/343
f 347/347/343 264/346/342 265/348/344
f 347/347/343 265/348/344 346/349/345
f 346/349/345 265/348/344 266/350/346
f 346/349/345 266/350/346 345/351/347
f 345/351/347 266/350/346 267/352/348
f 345/351/347 267/352/348 344/353/349
f 344/353/349 267/352/348 268/354/350
f 344/353/349 268/354/350 343/355/351
f 343/355/351 268/354/350 269/356/352
f 343/355/351 269/356/352 342/357/353
f 342/357/353 269/356/352 270/358/354
f 342/357/353 270/358/354 341/359/355
f 341/359/355 270/358/354 271/360/356
f 341/359/355 271/360/356 340/361/357
f 340/361/357 271/360/356 272/362/358
f 340/361/357 272/362/358 339/363/359
f 339/363/359 272/362/358 273/364/360
f 339/363/359 273/364/360 338/365/361
f 338/365/361 273/364/360 274/366/362
f 338/365/361 274/366/362 337/367/363
f 337/367/363 274/366/362 275/368/364
f 337/367/363 275/368/364 336/369/365
f 336/369/365 275/368/364 276/370/366
f 336/369/365 276/370/366 335/371/367
f 335/371/367 276/370/366 277/372/368
f 335/371/367 277/372/368 334/373/369
f 334/373/369 277/372/368 278/374/370
f 334/373/369 278/374/370 333/375/371
f 333/375/371 278/374/370 279/376/372
f 333/375/371 279/376/372 332/377/373
f 332/377/373 279/376/372 280/378/374
f 332/377/373 280/378/374 331/379/375
f 331/379/375 280/378/374 281/380/376
f 331/379/375 281/380/376 330/381/377
f 330/381/377 281/380/376 282/382/378
f 330/381/377 282/382/378 329/383/379
f 329/383/379 282/382/378 283/384/380
f 329/383/379 283/384/380 328/385/381
f 328/385/381 283/384/380 284/386/382
f 328/385/381 284/386/382 327/387/383
f 327/387/383 284/386/382 285/388/384
f 327/387/383 285/388/384 326/389/385
f 326/389/385 285/388/384 286/390/386
f 326/389/385 286/390/386 325/391/387
f 325/391/387 286/390/386 287/392/388
f 325/391/387 287/392/388 324/393/389
f 324/393/389 287/392/388 288/394/390
f 324/393/389 288/394/390 323/395/391
f 323/395/391 288/394/390 289/396/392
f 323/395/391 289/396/392 322/397/393
f 322/397/393 289/396/392 290/398/394
f 322/397/393 290/398/394 321/399/395
f 321/399/395 290/398/394 291/400/396
f 321/399/395 291/400/396 320/401/397
f 320/401/397 291/400/396 292/402/398
f 320/401/397 292/402/398 319/403/399
f 319/403/399 292/402/398 293/404/400
f 319/403/399 293/404/400 318/405/401
f 318/405/401 293/404/400 294/406/402
f 318/405/401 294/406/402 317/407/403
f 317/407/403 294/406/402 295/408/404
f 317/407/403 295/408/404 316/409/405
f 316/409/405 295/408/404 296/410/406
f 316/409/405 296/410/406 315/411/407
f 315/411/407 296/410/406 297/412/408
f 315/411/407 297/412/408 314/413/409
f 314/413/409 297/412/408 298/414/410
f 314/413/409 298/414/410 313/415/411
f 313/415/411 298/414/410 299/416/412
f 313/415/411 299/416/412 312/417/413
f 312/417/413 299/416/412 300/418/414
f 312/417/413 300/418/414 311/419/415
f 311/419/415 300/418/414 301/420/416
f 311/419/415 301/420/416 310/421/417
f 310/421/417 301/420/416 302/422/418
f 310/421/417 302/422/418 309/423/419
f 309/423/419 302/422/418 303/424/420
f 309/423/419 303/424/420 308/425/421
f 308/425/421 303/424/420 304/426/422
f 308/425/421 304/426/422 307/427/423
f 307/427/423 304/426/422 305/428/424
f 307/427/423 305/428/424 306/429/425
f 306/429/425 305/428/424 79/430/426
f 306/429/425 79/430/426 230/431/427
f 380/432/428 352/433/429 77/434/430
f 77/434/430 352/433/429 319/435/431
f 77/434/430 319/435/431 318/436/432
f 380/432/428 379/437/433 352/433/429
f 352/433/429 379/437/433 353/438/434
f 353/438/434 379/437/433 378/439/435
f 353/438/434 378/439/435 354/440/436
f 354/440/436 378/439/435 377/441/437
f 354/440/436 377/441/437 355/442/438
f 355/442/438 377/441/437 376/443/439
f 355/442/438 376/443/439 356/444/440
f 356/444/440 376/443/439 375/445/441
f 356/444/440 375/445/441 357/446/442
f 357/446/442 375/445/441 374/447/443
f 357/446/442 374/447/443 358/448/444
f 358/448/444 374/447/443 373/449/445
f 358/448/444 373/449/445 359/450/446
f 359/450/446 373/449/445 372/451/447
f 359/450/446 372/451/447 371/452/448
f 359/450/446 371/452/448 360/453/449
f 360/453/449 371/452/448 370/454/450
f 360/453/449 370/454/450 369/455/451
f 360/453/449 369/455/451 361/456/452
f 361/456/452 369/455/451 368/457/453
f 361/456/452 368/457/453 367/458/454
f 367/458/454 366/459/455 361/456/452
f 361/456/452 366/459/455 365/460/456
f 361/456/452 365/460/456 364/461/457
f 364/461/457 363/462/458 361/456/452
f 361/456/452 363/462/458 362/463/459
f 319/435/431 352/433/429 320/464/460
f 320/464/460 352/433/429 351/465/461
f 320/464/460 351/465/461 321/466/462
f 321/466/462 351/465/461 350/467/463
f 321/466/462 350/467/463 349/468/464
f 321/466/462 349/468/464 322/469/465
f 322/469/465 349/468/464 348/470/466
f 322/469/465 348/470/466 323/471/467
f 323/471/467 348/470/466 347/472/468
f 323/471/467 347/472/468 324/473/469
f 324/473/469 347/472/468 346/474/470
f 324/473/469 346/474/470 325/475/471
f 325/475/471 346/474/470 345/476/472
f 325/475/471 345/476/472 326/477/473
f 326/477/473 345/476/472 344/478/474
f 326/477/473 344/478/474 327/479/475
f 327/479/475 344/478/474 343/480/476
f 327/479/475 343/480/476 328/481/477
f 328/481/477 343/480/476 342/482/478
f 328/481/477 342/482/478 329/483/479
f 329/483/479 342/482/478 330/484/480
f 330/484/480 342/482/478 341/485/481
f 330/484/480 341/485/481 331/486/482
f 331/486/482 341/485/481 340/487/483
f 331/486/482 340/487/483 332/488/484
f 332/488/484 340/487/483 339/489/485
f 332/488/484 339/489/485 338/490/486
f 332/488/484 338/490/486 333/491/487
f 333/491/487 338/490/486 337/492/488
f 333/491/487 337/492/488 334/493/489
f 334/493/489 337/492/488 336/494/490
f 334/493/489 336/494/490 335/495/491
f 317/496/492 218/497/493 318/436/432
f 318/436/432 218/497/493 217/498/494
f 318/436/432 217/498/494 77/434/430
f 77/434/430 217/498/494 78/499/495
f 78/499/495 217/498/494 216/500/496
f 78/499/495 216/500/496 183/501/497
f 183/501/497 216/500/496 215/502/498
f 183/501/497 215/502/498 184/503/499
f 184/503/499 215/502/498 214/504/500
f 184/503/499 214/504/500 185/505/501
f 185/505/501 214/504/500 186/506/502
f 186/506/502 214/504/500 213/507/503
f 186/506/502 213/507/503 187/508/504
f 187/508/504 213/507/503 212/509/505
f 187/508/504 212/509/505 188/510/506
f 188/510/506 212/509/505 211/511/507
f 188/510/506 211/511/507 189/512/508
f 189/512/508 211/511/507 210/513/509
f 189/512/508 210/513/509 190/514/510
f 190/514/510 210/513/509 209/515/511
f 190/514/510 209/515/511 191/516/512
f 191/516/512 209/515/511 208/517/513
f 191/516/512 208/517/513 192/518/514
f 192/518/514 208/517/513 207/519/515
f 192/518/514 207/519/515 193/520/516
f 193/520/516 207/519/515 206/521/517
f 193/520/516 206/521/517 205/522/518
f 218/497/493 317/496/492 219/523/519
f 219/523/519 317/496/492 316/524/520
f 219/523/519 316/524/520 220/525/521
f 220/525/521 316/524/520 315/526/522
f 220/525/521 315/526/522 221/527/523
f 221/527/523 315/526/522 314/528/524
f 221/527/523 314/528/524 222/529/525
f 222/529/525 314/528/524 313/530/526
f 222/529/525 313/530/526 223/531/527
f 223/531/527 313/530/526 312/532/528
f 223/531/527 312/532/528 224/533/529
f 224/533/529 312/532/528 311/534/530
f 224/533/529 311/534/530 225/535/531
f 225/535/531 311/534/530 310/536/532
f 225/535/531 310/536/532 226/537/533
f 226/537/533 310/536/532 309/538/534
f 226/537/533 309/538/534 227/539/535
f 227/539/535 309/538/534 308/540/536
f 227/539/535 308/540/536 228/541/537
f 228/541/537 308/540/536 307/542/538
f 228/541/537 307/542/538 229/543/539
f 229/543/539 307/542/538 306/544/540
f 229/543/539 306/544/540 230/545/541
f 193/520/516 205/522/518 194/546/542
f 194/546/542 205/522/518 204/547/543
f 194/546/542 204/547/543 195/548/544
f 195/548/544 204/547/543 203/549/545
f 195/548/544 203/549/545 196/550/546
f 196/550/546 203/549/545 197/551/547
f 197/551/547 203/549/545 202/552/548
f 197/551/547 202/552/548 198/553/549
f 198/553/549 202/552/548 201/554/550
f 198/553/549 201/554/550 199/555/551
f 199/555/551 201/554/550 200/556/552
f 182/557/553 156/558/554 183/501/497
f 183/501/497 156/558/554 155/559/555
f 183/501/497 155/559/555 78/499/495
f 156/558/554 182/557/553 157/560/556
f 157/560/556 182/557/553 181/561/557
f 157/560/556 181/561/557 158/562/558
f 158/562/558 181/561/557 180/563/559
f 158/562/558 180/563/559 159/564/560
f 159/564/560 180/563/559 179/565/561
f 159/564/560 179/565/561 160/566/562
f 160/566/562 179/565/561 178/567/563
f 160/566/562 178/567/563 161/568/564
f 161/568/564 178/567/563 177/569/565
f 161/568/564 177/569/565 162/570/566
f 162/570/566 177/569/565 176/571/567
f 162/570/566 176/571/567 163/572/568
f 163/572/568 176/571/567 164/573/569
f 164/573/569 176/571/567 175/574/570
f 164/573/569 175/574/570 165/575/571
f 165/575/571 175/574/570 166/576/572
f 166/576/572 175/574/570 174/577/573
f 166/576/572 174/577/573 167/578/574
f 167/578/574 174/577/573 168/579/575
f 168/579/575 174/577/573 169/580/576
f 169/580/576 174/577/573 170/581/577
f 170/581/577 174/577/573 171/582/578
f 171/582/578 174/577/573 172/583/579
f 172/583/579 174/577/573 173/584/580
f 381/585/581 382/586/582 384/587/583
f 384/587/583 382/586/582 383/588/584
f 385/589/585 381/590/586 386/591/587
f 386/591/587 381/590/586 384/592/588
f 387/593/589 385/594/590 388/595/591
f 388/595/591 385/594/590 386/596/592
f 382/597/593 387/598/594 383/599/595
f 383/599/595 387/598/594 388/600/596
f 388/601/597 386/602/598 383/603/599
f 383/603/599 386/602/598 384/604/600
f 389/605/601 390/606/602 392/607/603
f 392/607/603 390/606/602 391/608/604
f 390/609/605 393/610/606 391/611/607
f 391/611/607 393/610/606 394/612/608
f 395/613/609 389/614/610 396/615/611
f 396/615/611 389/614/610 392/616/612
f 393/617/613 395/618/614 394/619/615
f 394/619/615 395/618/614 396/620/616
f 394/621/617 396/622/618 391/623/619
f 391/623/619 396/622/618 392/624/620
f 398/625/621 596/626/622 397/627/623
f 397/627/623 596/626/622 497/628/624
f 397/629/623 497/630/624 496/631/625
f 496/631/625 497/630/624 498/632/626
f 496/631/625 498/632/626 495/633/627
f 495/633/627 498/632/626 499/634/628
f 495/633/627 499/634/628 500/635/629
f 398/625/621 399/636/630 596/626/622
f 596/626/622 399/636/630 595/637/631
f 595/637/631 399/636/630 400/638/632
f 595/637/631 400/638/632 594/639/633
f 594/639/633 400/638/632 401/640/634
f 594/639/633 401/640/634 593/641/635
f 593/641/635 401/640/634 402/642/636
f 593/641/635 402/642/636 592/643/637
f 592/643/637 402/642/636 403/644/638
f 592/643/637 403/644/638 591/645/639
f 591/645/639 403/644/638 404/646/640
f 591/645/639 404/646/640 590/647/641
f 590/647/641 404/646/640 405/648/642
f 590/647/641 405/648/642 589/649/643
f 589/649/643 405/648/642 406/650/644
f 589/649/643 406/650/644 588/651/645
f 588/651/645 406/650/644 407/652/646
f 588/651/645 407/652/646 587/653/647
f 587/653/647 407/652/646 408/654/648
f 587/653/647 408/654/648 586/655/649
f 586/655/649 408/654/648 409/656/650
f 586/655/649 409/656/650 585/657/651
f 585/657/651 409/656/650 410/658/652
f 585/657/651 410/658/652 584/659/653
f 584/659/653 410/658/652 411/660/654
f 584/659/653 411/660/654 583/661/655
f 583/661/655 411/660/654 412/662/656
f 583/661/655 412/662/656 582/663/657
f 582/663/657 412/662/656 413/664/658
f 582/663/657 413/664/658 581/665/659
f 581/665/659 413/664/658 414/666/660
f 581/665/659 414/666/660 580/667/661
f 580/667/661 414/666/660 415/668/662
f 580/667/661 415/668/662 579/669/663
f 579/669/663 415/668/662 416/670/664
f 579/669/663 416/670/664 578/671/665
f 578/671/665 416/670/664 417/672/666
f 578/671/665 417/672/666 577/673/667
f 577/673/667 417/672/666 418/674/668
f 577/673/667 418/674/668 576/675/669
f 576/675/669 418/674/668 419/676/670
f 576/675/669 419/676/670 575/677/671
f 575/677/671 419/676/670 420/678/672
f 575/677/671 420/678/672 574/679/673
f 574/679/673 420/678/672 421/680/674
f 574/679/673 421/680/674 573/681/675
f 573/681/675 421/680/674 422/682/676
f 573/681/675 422/682/676 572/683/677
f 572/683/677 422/682/676 423/684/678
f 572/683/677 423/684/678 571/685/679
f 571/685/679 423/684/678 424/686/680
f 571/685/679 424/686/680 570/687/681
f 570/687/681 424/686/680 425/688/682
f 570/687/681 425/688/682 569/689/683
f 569/689/683 425/688/682 426/690/684
f 569/689/683 426/690/684 568/691/685
f 568/691/685 426/690/684 427/692/686
f 568/691/685 427/692/686 567/693/687
f 567/693/687 427/692/686 428/694/688
f 567/693/687 428/694/688 566/695/689
f 566/695/689 428/694/688 429/696/690
f 566/695/689 429/696/690 565/697/691
f 565/697/691 429/696/690 430/698/692
f 565/697/691 430/698/692 564/699/693
f 564/699/693 430/698/692 431/700/694
f 564/699/693 431/700/694 563/701/695
f 563/701/695 431/700/694 432/702/696
f 563/701/695 432/702/696 562/703/697
f 562/703/697 432/702/696 433/704/698
f 562/703/697 433/704/698 561/705/699
f 561/705/699 433/704/698 434/706/700
f 561/705/699 434/706/700 560/707/701
f 560/707/701 434/706/700 435/708/702
f 560/707/701 435/708/702 559/709/703
f 559/709/703 435/708/702 436/710/704
f 559/709/703 436/710/704 558/711/705
f 558/711/705 436/710/704 437/712/706
f 558/711/705 437/712/706 557/713/707
f 557/713/707 437/712/706 438/714/708
f 557/713/707 438/714/708 556/715/709
f 556/715/709 438/714/708 439/716/710
f 556/715/709 439/716/710 555/717/711
f 555/717/711 439/716/710 440/718/712
f 555/717/711 440/718/712 554/719/713
f 554/719/713 440/718/712 441/720/714
f 554/719/713 441/720/714 553/721/715
f 553/721/715 441/720/714 442/722/716
f 553/721/715 442/722/716 552/723/717
f 552/723/717 442/722/716 443/724/718
f 552/723/717 443/724/718 551/725/719
f 551/725/719 443/724/718 444/726/720
f 551/725/719 444/726/720 550/727/721
f 550/727/721 444/726/720 445/728/722
f 550/727/721 445/728/722 549/729/723
f 549/729/723 445/728/722 446/730/724
f 549/729/723 446/730/724 548/731/725
f 548/731/725 446/730/724 447/732/726
f 548/731/725 447/732/726 547/733/727
f 547/733/727 447/732/726 448/734/728
f 547/733/727 448/734/728 546/735/729
f 546/735/729 448/734/728 449/736/730
f 546/735/729 449/736/730 545/737/731
f 545/737/731 449/736/730 450/738/732
f 545/737/731 450/738/732 544/739/733
f 544/739/733 450/738/732 451/740/734
f 544/739/733 451/740/734 543/741/735
f 543/741/735 451/740/734 452/742/736
f 543/741/735 452/742/736 542/743/737
f 542/743/737 452/742/736 453/744/738
f 542/743/737 453/744/738 541/745/739
f 541/745/739 453/744/738 454/746/740
f 541/745/739 454/746/740 540/747/741
f 540/747/741 454/746/740 455/748/742
f 540/747/741 455/748/742 539/749/743
f 539/749/743 455/748/742 456/750/744
f 539/749/743 456/750/744 538/751/745
f 538/751/745 456/750/744 457/752/746
f 538/751/745 457/752/746 537/753/747
f 537/753/747 457/752/746 458/754/748
f 537/753/747 458/754/748 536/755/749
f 536/755/749 458/754/748 459/756/750
f 536/755/749 459/756/750 535/757/751
f 535/757/751 459/756/750 460/758/752
f 535/757/751 460/758/752 534/759/753
f 534/759/753 460/758/752 461/760/754
f 534/759/753 461/760/754 533/761/755
f 533/761/755 461/760/754 462/762/756
f 533/761/755 462/762/756 532/763/757
f 532/763/757 462/762/756 463/764/758
f 532/763/757 463/764/758 531/765/759
f 531/765/759 463/764/758 464/766/760
f 531/765/759 464/766/760 530/767/761
f 530/767/761 464/766/760 465/768/762
f 530/767/761 465/768/762 529/769/763
f 529/769/763 465/768/762 466/770/764
f 529/769/763 466/770/764 528/771/765
f 528/771/765 466/770/764 467/772/766
f 528/771/765 467/772/766 527/773/767
f 527/773/767 467/772/766 468/774/768
f 527/773/767 468/774/768 526/775/769
f 526/775/769 468/774/768 469/776/770
f 526/775/769 469/776/770 525/777/771
f 525/777/771 469/776/770 470/778/772
f 525/777/771 470/778/772 524/779/773
f 524/779/773 470/778/772 471/780/774
f 524/779/773 471/780/774 523/781/775
f 523/781/775 471/780/774 472/782/776
f 523/781/775 472/782/776 522/783/777
f 522/783/777 472/782/776 473/784/778
f 522/783/777 473/784/778 521/785/779
f 521/785/779 473/784/778 474/786/780
f 521/785/779 474/786/780 520/787/781
f 520/787/781 474/786/780 475/788/782
f 520/787/781 475/788/782 519/789/783
f 519/789/783 475/788/782 476/790/784
f 519/789/783 476/790/784 518/791/785
f 518/791/785 476/790/784 477/792/786
f 518/791/785 477/792/786 517/793/787
f 517/793/787 477/792/786 478/794/788
f 517/793/787 478/794/788 516/795/789
f 516/795/789 478/794/788 479/796/790
f 516/795/789 479/796/790 515/797/791
f 515/797/791 479/796/790 480/798/792
f 515/797/791 480/798/792 514/799/793
f 514/799/793 480/798/792 481/800/794
f 514/799/793 481/800/794 513/801/795
f 513/801/795 481/800/794 482/802/796
f 513/801/795 482/802/796 512/803/797
f 512/803/797 482/802/796 483/804/798
f 512/803/797 483/804/798 511/805/799
f 511/805/799 483/804/798 484/806/800
f 511/805/799 484/806/800 510/807/801
f 510/807/801 484/806/800 485/808/802
f 510/807/801 485/808/802 509/809/803
f 509/809/803 485/808/802 486/810/804
f 509/809/803 486/810/804 508/811/805
f 508/811/805 486/810/804 487/812/806
f 508/811/805 487/812/806 507/813/807
f 507/813/807 487/812/806 488/814/808
f 507/813/807 488/814/808 506/815/809
f 506/815/809 488/814/808 489/816/810
f 506/815/809 489/816/810 505/817/811
f 505/817/811 489/816/810 490/818/812
f 505/817/811 490/818/812 504/819/813
f 504/819/813 490/818/812 491/820/814
f 504/819/813 491/820/814 503/821/815
f 503/821/815 491/820/814 492/822/816
f 503/821/815 492/822/816 502/823/817
f 502/823/817 492/822/816 493/824/818
f 502/823/817 493/824/818 501/825/819
f 501/825/819 493/824/818 494/826/820
f 501/825/819 494/826/820 500/635/629
f 500/635/629 494/826/820 495/633/627
f 496/827/821 701/828/822 397/829/823
f 397/829/823 701/828/822 597/830/824
f 397/829/823 597/830/824 598/831/825
f 701/828/822 496/827/821 700/832/826
f 700/832/826 496/827/821 495/833/827
f 700/832/826 495/833/827 699/834/828
f 699/834/828 495/833/827 494/835/829
f 699/834/828 494/835/829 698/836/830
f 698/836/830 494/835/829 493/837/831
f 698/836/830 493/837/831 697/838/832
f 697/838/832 493/837/831 492/839/833
f 697/838/832 492/839/833 696/840/834
f 696/840/834 492/839/833 491/841/835
f 696/840/834 491/841/835 695/842/836
f 695/842/836 491/841/835 490/843/837
f 695/842/836 490/843/837 694/844/838
f 694/844/838 490/843/837 489/845/839
f 694/844/838 489/845/839 693/846/840
f 693/846/840 489/845/839 488/847/841
f 693/846/840 488/847/841 692/848/842
f 692/848/842 488/847/841 487/849/843
f 692/848/842 487/849/843 691/850/844
f 691/850/844 487/849/843 486/851/845
f 691/850/844 486/851/845 690/852/846
f 690/852/846 486/851/845 485/853/847
f 690/852/846 485/853/847 689/854/848
f 689/854/848 485/853/847 484/855/849
f 689/854/848 484/855/849 688/856/850
f 688/856/850 484/855/849 483/857/851
f 688/856/850 483/857/851 687/858/852
f 687/858/852 483/857/851 482/859/853
f 687/858/852 482/859/853 686/860/854
f 686/860/854 482/859/853 481/861/855
f 686/860/854 481/861/855 685/862/856
f 685/862/856 481/861/855 480/863/857
f 685/862/856 480/863/857 684/864/858
f 684/864/858 480/863/857 479/865/859
f 684/864/858 479/865/859 683/866/860
f 683/866/860 479/865/859 478/867/861
f 683/866/860 478/867/861 682/868/862
f 682/868/862 478/867/861 477/869/863
f 682/868/862 477/869/863 681/870/864
f 681/870/864 477/869/863 680/871/865
f 680/871/865 477/869/863 476/872/866
f 680/871/865 476/872/866 679/873/867
f 679/873/867 476/872/866 475/874/868
f 679/873/867 475/874/868 678/875/869
f 678/875/869 475/874/868 474/876/870
f 678/875/869 474/876/870 677/877/871
f 677/877/871 474/876/870 473/878/872
f 677/877/871 473/878/872 676/879/873
f 676/879/873 473/878/872 472/880/874
f 676/879/873 472/880/874 675/881/875
f 675/881/875 472/880/874 471/882/876
f 675/881/875 471/882/876 674/883/877
f 674/883/877 471/882/876 470/884/878
f 674/883/877 470/884/878 673/885/879
f 673/885/879 470/884/878 469/886/880
f 673/885/879 469/886/880 672/887/881
f 672/887/881 469/886/880 468/888/882
f 672/887/881 468/888/882 671/889/883
f 671/889/883 468/888/882 467/890/884
f 671/889/883 467/890/884 670/891/885
f 670/891/885 467/890/884 466/892/886
f 670/891/885 466/892/886 669/893/887
f 669/893/887 466/892/886 465/894/888
f 669/893/887 465/894/888 668/895/889
f 668/895/889 465/894/888 464/896/890
f 668/895/889 464/896/890 667/897/891
f 667/897/891 464/896/890 463/898/892
f 667/897/891 463/898/892 666/899/893
f 666/899/893 463/898/892 462/900/894
f 666/899/893 462/900/894 665/901/895
f 665/901/895 462/900/894 461/902/896
f 665/901/895 461/902/896 664/903/897
f 664/903/897 461/902/896 460/904/898
f 664/903/897 460/904/898 663/905/899
f 663/905/899 460/904/898 459/906/900
f 663/905/899 459/906/900 662/907/901
f 662/907/901 459/906/900 458/908/902
f 662/907/901 458/908/902 661/909/903
f 661/909/903 458/908/902 457/910/904
f 661/909/903 457/910/904 660/911/905
f 660/911/905 457/910/904 659/912/906
f 659/912/906 457/910/904 456/913/907
f 659/912/906 456/913/907 658/914/908
f 658/914/908 456/913/907 455/915/909
f 658/914/908 455/915/909 657/916/910
f 657/916/910 455/915/909 454/917/911
f 657/916/910 454/917/911 656/918/912
f 656/918/912 454/917/911 453/919/913
f 656/918/912 453/919/913 655/920/914
f 655/920/914 453/919/913 452/921/915
f 655/920/914 452/921/915 654/922/916
f 654/922/916 452/921/915 451/923/917
f 654/922/916 451/923/917 653/924/918
f 653/924/918 451/923/917 450/925/919
f 653/924/918 450/925/919 652/926/920
f 652/926/920 450/925/919 449/927/921
f 652/926/920 449/927/921 651/928/922
f 651/928/922 449/927/921 448/929/923
f 651/928/922 448/929/923 650/930/924
f 650/930/924 448/929/923 447/931/925
f 650/930/924 447/931/925 649/932/926
f 649/932/926 447/931/925 446/933/927
f 649/932/926 446/933/927 648/934/928
f 648/934/928 446/933/927 445/935/929
f 648/934/928 445/935/929 647/936/930
f 647/936/930 445/935/929 444/937/931
f 647/936/930 444/937/931 646/938/932
f 646/938/932 444/937/931 443/939/933
f 646/938/932 443/939/933 645/940/934
f 645/940/934 443/939/933 442/941/935
f 645/940/934 442/941/935 644/942/936
f 644/942/936 442/941/935 441/943/937
f 644/942/936 441/943/937 643/944/938
f 643/944/938 441/943/937 440/945/939
f 643/944/938 440/945/939 642/946/940
f 642/946/940 440/945/939 439/947/941
f 642/946/940 439/947/941 641/948/942
f 641/948/942 439/947/941 438/949/943
f 641/948/942 438/949/943 640/950/944
f 640/950/944 438/949/943 437/951/945
f 640/950/944 437/951/945 639/952/946
f 639/952/946 437/951/945 638/953/947
f 638/953/947 437/951/945 436/954/948
f 638/953/947 436/954/948 637/955/949
f 637/955/949 436/954/948 435/956/950
f 637/955/949 435/956/950 636/957/951
f 636/957/951 435/956/950 434/958/952
f 636/957/951 434/958/952 635/959/953
f 635/959/953 434/958/952 433/960/954
f 635/959/953 433/960/954 634/961/955
f 634/961/955 433/960/954 432/962/956
f 634/961/955 432/962/956 633/963/957
f 633/963/957 432/962/956 431/964/958
f 633/963/957 431/964/958 632/965/959
f 632/965/959 431/964/958 430/966/960
f 632/965/959 430/966/960 631/967/961
f 631/967/961 430/966/960 429/968/962
f 631/967/961 429/968/962 630/969/963
f 630/969/963 429/968/962 428/970/964
f 630/969/963 428/970/964 629/971/965
f 629/971/965 428/970/964 427/972/966
f 629/971/965 427/972/966 628/973/967
f 628/973/967 427/972/966 426/974/968
f 628/973/967 426/974/968 627/975/969
f 627/975/969 426/974/968 425/976/970
f 627/975/969 425/976/970 626/977/971
f 626/977/971 425/976/970 424/978/972
f 626/977/971 424/978/972 625/979/973
f 625/979/973 424/978/972 423/980/974
f 625/979/973 423/980/974 624/981/975
f 624/981/975 423/980/974 422/982/976
f 624/981/975 422/982/976 623/983/977
f 623/983/977 422/982/976 421/984/978
f 623/983/977 421/984/978 622/985/979
f 622/985/979 421/984/978 420/986/980
f 622/985/979 420/986/980 621/987/981
f 621/987/981 420/986/980 419/988/982
f 621/987/981 419/988/982 620/989/983
f 620/989/983 419/988/982 418/990/984
f 620/989/983 418/990/984 619/991/985
f 619/991/985 418/990/984 417/992/986
f 619/991/985 417/992/986 618/993/987
f 618/993/987 417/992/986 617/994/988
f 617/994/988 417/992/986 416/995/989
f 617/994/988 416/995/989 616/996/990
f 616/996/990 416/995/989 415/997/991
f 616/996/990 415/997/991 615/998/992
f 615/998/992 415/997/991 414/999/993
f 615/998/992 414/999/993 614/1000/994
f 614/1000/994 414/999/993 413/1001/995
f 614/1000/994 413/1001/995 613/1002/996
f 613/1002/996 413/1001/995 412/1003/997
f 613/1002/996 412/1003/997 612/1004/998
f 612/1004/998 412/1003/997 411/1005/999
f 612/1004/998 411/1005/999 611/1006/1000
f 611/1006/1000 411/1005/999 410/1007/1001
f 611/1006/1000 410/1007/1001 610/1008/1002
f 610/1008/1002 410/1007/1001 409/1009/1003
f 610/1008/1002 409/1009/1003 609/1010/1004
f 609/1010/1004 409/1009/1003 408/1011/1005
f 609/1010/1004 408/1011/1005 608/1012/1006
f 608/1012/1006 408/1011/1005 407/1013/1007
f 608/1012/1006 407/1013/1007 607/1014/1008
f 607/1014/1008 407/1013/1007 406/1015/1009
f 607/1014/1008 406/1015/1009 606/1016/1010
f 606/1016/1010 406/1015/1009 405/1017/1011
f 606/1016/1010 405/1017/1011 605/1018/1012
f 605/1018/1012 405/1017/1011 404/1019/1013
f 605/1018/1012 404/1019/1013 604/1020/1014
f 604/1020/1014 404/1019/1013 403/1021/1015
f 604/1020/1014 403/1021/1015 603/1022/1016
f 603/1022/1016 403/1021/1015 402/1023/1017
f 603/1022/1016 402/1023/1017 602/1024/1018
f 602/1024/1018 402/1023/1017 401/1025/1019
f 602/1024/1018 401/1025/1019 601/1026/1020
f 601/1026/1020 401/1025/1019 400/1027/1021
f 601/1026/1020 400/1027/1021 600/1028/1022
f 600/1028/1022 400/1027/1021 399/1029/1023
f 600/1028/1022 399/1029/1023 599/1030/1024
f 599/1030/1024 399/1029/1023 398/1031/1025
f 599/1030/1024 398/1031/1025 598/831/825
f 598/831/825 398/1031/1025 397/829/823
f 701/1032/1026 806/1033/1027 597/1034/1028
f 597/1034/1028 806/1033/1027 702/1035/1029
f 597/1036/1028 702/1037/1029 598/1038/1030
f 598/1038/1030 702/1037/1029 703/1039/1031
f 598/1038/1030 703/1039/1031 599/1040/1032
f 599/1040/1032 703/1039/1031 704/1041/1033
f 599/1040/1032 704/1041/1033 600/1042/1034
f 600/1042/1034 704/1041/1033 705/1043/1035
f 600/1042/1034 705/1043/1035 601/1044/1036
f 601/1044/1036 705/1043/1035 706/1045/1037
f 601/1044/1036 706/1045/1037 602/1046/1038
f 602/1046/1038 706/1045/1037 707/1047/1039
f 602/1046/1038 707/1047/1039 603/1048/1040
f 603/1048/1040 707/1047/1039 708/1049/1041
f 603/1048/1040 708/1049/1041 604/1050/1042
f 604/1050/1042 708/1049/1041 709/1051/1043
f 604/1050/1042 709/1051/1043 605/1052/1044
f 605/1052/1044 709/1051/1043 710/1053/1045
f 605/1052/1044 710/1053/1045 606/1054/1046
f 606/1054/1046 710/1053/1045 711/1055/1047
f 606/1054/1046 711/1055/1047 607/1056/1048
f 607/1056/1048 711/1055/1047 712/1057/1049
f 607/1056/1048 712/1057/1049 608/1058/1050
f 608/1058/1050 712/1057/1049 713/1059/1051
f 608/1058/1050 713/1059/1051 609/1060/1052
f 609/1060/1052 713/1059/1051 714/1061/1053
f 609/1060/1052 714/1061/1053 610/1062/1054
f 610/1062/1054 714/1061/1053 715/1063/1055
f 610/1062/1054 715/1063/1055 611/1064/1056
f 611/1064/1056 715/1063/1055 716/1065/1057
f 611/1064/1056 716/1065/1057 612/1066/1058
f 612/1066/1058 716/1065/1057 717/1067/1059
f 612/1066/1058 717/1067/1059 613/1068/1060
f 613/1068/1060 717/1067/1059 718/1069/1061
f 613/1068/1060 718/1069/1061 614/1070/1062
f 614/1070/1062 718/1069/1061 719/1071/1063
f 614/1070/1062 719/1071/1063 615/1072/1064
f 615/1072/1064 719/1071/1063 720/1073/1065
f 615/1072/1064 720/1073/1065 616/1074/1066
f 616/1074/1066 720/1073/1065 721/1075/1067
f 616/1074/1066 721/1075/1067 617/1076/1068
f 617/1076/1068 721/1075/1067 722/1077/1069
f 617/1076/1068 722/1077/1069 618/1078/1070
f 618/1078/1070 722/1077/1069 723/1079/1071
f 618/1078/1070 723/1079/1071 619/1080/1072
f 619/1080/1072 723/1079/1071 724/1081/1073
f 619/1080/1072 724/1081/1073 620/1082/1074
f 620/1082/1074 724/1081/1073 725/1083/1075
f 620/1082/1074 725/1083/1075 621/1084/1076
f 621/1084/1076 725/1083/1075 726/1085/1077
f 621/1084/1076 726/1085/1077 622/1086/1078
f 622/1086/1078 726/1085/1077 727/1087/1079
f 622/1086/1078 727/1087/1079 623/1088/1080
f 623/1088/1080 727/1087/1079 728/1089/1081
f 623/1088/1080 728/1089/1081 624/1090/1082
f 624/1090/1082 728/1089/1081 729/1091/1083
f 624/1090/1082 729/1091/1083 625/1092/1084
f 625/1092/1084 729/1091/1083 730/1093/1085
f 625/1092/1084 730/1093/1085 626/1094/1086
f 626/1094/1086 730/1093/1085 731/1095/1087
f 626/1094/1086 731/1095/1087 627/1096/1088
f 627/1096/1088 731/1095/1087 732/1097/1089
f 627/1096/1088 732/1097/1089 628/1098/1090
f 628/1098/1090 732/1097/1089 733/1099/1091
f 628/1098/1090 733/1099/1091 629/1100/1092
f 629/1100/1092 733/1099/1091 734/1101/1093
f 629/1100/1092 734/1101/1093 630/1102/1094
f 630/1102/1094 734/1101/1093 735/1103/1095
f 630/1102/1094 735/1103/1095 631/1104/1096
f 631/1104/1096 735/1103/1095 736/1105/1097
f 631/1104/1096 736/1105/1097 632/1106/1098
f 632/1106/1098 736/1105/1097 737/1107/1099
f 632/1106/1098 737/1107/1099 633/1108/1100
f 633/1108/1100 737/1107/1099 738/1109/1101
f 633/1108/1100 738/1109/1101 634/1110/1102
f 634/1110/1102 738/1109/1101 739/1111/1103
f 634/1110/1102 739/1111/1103 635/1112/1104
f 635/1112/1104 739/1111/1103 740/1113/1105
f 635/1112/1104 740/1113/1105 636/1114/1106
f 636/1114/1106 740/1113/1105 741/1115/1107
f 636/1114/1106 741/1115/1107 637/1116/1108
f 637/1116/1108 741/1115/1107 742/1117/1109
f 637/1116/1108 742/1117/1109 638/1118/1110
f 638/1118/1110 742/1117/1109 743/1119/1111
f 638/1118/1110 743/1119/1111 639/1120/1112
f 639/1120/1112 743/1119/1111 744/1121/1113
f 639/1120/1112 744/1121/1113 640/1122/1114
f 640/1122/1114 744/1121/1113 745/1123/1115
f 640/1122/1114 745/1123/1115 641/1124/1116
f 641/1124/1116 745/1123/1115 746/1125/1117
f 641/1124/1116 746/1125/1117 642/1126/1118
f 642/1126/1118 746/1125/1117 747/1127/1119
f 642/1126/1118 747/1127/1119 643/1128/1120
f 643/1128/1120 747/1127/1119 748/1129/1121
f 643/1128/1120 748/1129/1121 644/1130/1122
f 644/1130/1122 748/1129/1121 749/1131/1123
f 644/1130/1122 749/1131/1123 645/1132/1124
f 645/1132/1124 749/1131/1123 750/1133/1125
f 645/1132/1124 750/1133/1125 646/1134/1126
f 646/1134/1126 750/1133/1125 751/1135/1127
f 646/1134/1126 751/1135/1127 647/1136/1128
f 647/1136/1128 751/1135/1127 752/1137/1129
f 647/1136/1128 752/1137/1129 648/1138/1130
f 648/1138/1130 752/1137/1129 753/1139/1131
f 648/1138/1130 753/1139/1131 649/1140/1132
f 649/1140/1132 753/1139/1131 754/1141/1133
f 649/1140/1132 754/1141/1133 650/1142/1134
f 650/1142/1134 754/1141/1133 755/1143/1135
f 650/1142/1134 755/1143/1135 651/1144/1136
f 651/1144/1136 755/1143/1135 756/1145/1137
f 651/1144/1136 756/1145/1137 652/1146/1138
f 652/1146/1138 756/1145/1137 757/1147/1139
f 652/1146/1138 757/1147/1139 653/1148/1140
f 653/1148/1140 757/1147/1139 758/1149/1141
f 653/1148/1140 758/1149/1141 654/1150/1142
f 654/1150/1142 758/1149/1141 759/1151/1143
f 654/1150/1142 759/1151/1143 655/1152/1144
f 655/1152/1144 759/1151/1143 760/1153/1145
f 655/1152/1144 760/1153/1145 656/1154/1146
f 656/1154/1146 760/1153/1145 761/1155/1147
f 656/1154/1146 761/1155/1147 657/1156/1148
f 657/1156/1148 761/1155/1147 762/1157/1149
f 657/1156/1148 762/1157/1149 658/1158/1150
f 658/1158/1150 762/1157/1149 763/1159/1151
f 658/1158/1150 763/1159/1151 659/1160/1152
f 659/1160/1152 763/1159/1151 764/1161/1153
f 659/1160/1152 764/1161/1153 660/1162/1154
f 660/1162/1154 764/1161/1153 765/1163/1155
f 660/1162/1154 765/1163/1155 661/1164/1156
f 661/1164/1156 765/1163/1155 766/1165/1157
f 661/1164/1156 766/1165/1157 662/1166/1158
f 662/1166/1158 766/1165/1157 767/1167/1159
f 662/1166/1158 767/1167/1159 663/1168/1160
f 663/1168/1160 767/1167/1159 768/1169/1161
f 663/1168/1160 768/1169/1161 664/1170/1162
f 664/1170/1162 768/1169/1161 769/1171/1163
f 664/1170/1162 769/1171/1163 665/1172/1164
f 665/1172/1164 769/1171/1163 770/1173/1165
f 665/1172/1164 770/1173/1165 666/1174/1166
f 666/1174/1166 770/1173/1165 771/1175/1167
f 666/1174/1166 771/1175/1167 667/1176/1168
f 667/1176/1168 771/1175/1167 772/1177/1169
f 667/1176/1168 772/1177/1169 668/1178/1170
f 668/1178/1170 772/1177/1169 773/1179/1171
f 668/1178/1170 773/1179/1171 669/1180/1172
f 669/1180/1172 773/1179/1171 774/1181/1173
f 669/1180/1172 774/1181/1173 670/1182/1174
f 670/1182/1174 774/1181/1173 775/1183/1175
f 670/1182/1174 775/1183/1175 671/1184/1176
f 671/1184/1176 775/1183/1175 776/1185/1177
f 671/1184/1176 776/1185/1177 672/1186/1178
f 672/1186/1178 776/1185/1177 777/1187/1179
f 672/1186/1178 777/1187/1179 673/1188/1180
f 673/1188/1180 777/1187/1179 778/1189/1181
f 673/1188/1180 778/1189/1181 674/1190/1182
f 674/1190/1182 778/1189/1181 779/1191/1183
f 674/1190/1182 779/1191/1183 675/1192/1184
f 675/1192/1184 779/1191/1183 780/1193/1185
f 675/1192/1184 780/1193/1185 676/1194/1186
f 676/1194/1186 780/1193/1185 781/1195/1187
f 676/1194/1186 781/1195/1187 677/1196/1188
f 677/1196/1188 781/1195/1187 782/1197/1189
f 677/1196/1188 782/1197/1189 678/1198/1190
f 678/1198/1190 782/1197/1189 783/1199/1191
f 678/1198/1190 783/1199/1191 679/1200/1192
f 679/1200/1192 783/1199/1191 784/1201/1193
f 679/1200/1192 784/1201/1193 680/1202/1194
f 680/1202/1194 784/1201/1193 785/1203/1195
f 680/1202/1194 785/1203/1195 681/1204/1196
f 681/1204/1196 785/1203/1195 786/1205/1197
f 681/1204/1196 786/1205/1197 682/1206/1198
f 682/1206/1198 786/1205/1197 787/1207/1199
f 682/1206/1198 787/1207/1199 683/1208/1200
f 683/1208/1200 787/1207/1199 788/1209/1201
f 683/1208/1200 788/1209/1201 684/1210/1202
f 684/1210/1202 788/1209/1201 789/1211/1203
f 684/1210/1202 789/1211/1203 685/1212/1204
f 685/1212/1204 789/1211/1203 790/1213/1205
f 685/1212/1204 790/1213/1205 686/1214/1206
f 686/1214/1206 790/1213/1205 791/1215/1207
f 686/1214/1206 791/1215/1207 687/1216/1208
f 687/1216/1208 791/1215/1207 792/1217/1209
f 687/1216/1208 792/1217/1209 688/1218/1210
f 688/1218/1210 792/1217/1209 793/1219/1211
f 688/1218/1210 793/1219/1211 689/1220/1212
f 689/1220/1212 793/1219/1211 794/1221/1213
f 689/1220/1212 794/1221/1213 690/1222/1214
f 690/1222/1214 794/1221/1213 795/1223/1215
f 690/1222/1214 795/1223/1215 691/1224/1216
f 691/1224/1216 795/1223/1215 796/1225/1217
f 691/1224/1216 796/1225/1217 692/1226/1218
f 692/1226/1218 796/1225/1217 797/1227/1219
f 692/1226/1218 797/1227/1219 693/1228/1220
f 693/1228/1220 797/1227/1219 798/1229/1221
f 693/1228/1220 798/1229/1221 694/1230/1222
f 694/1230/1222 798/1229/1221 799/1231/1223
f 694/1230/1222 799/1231/1223 695/1232/1224
f 695/1232/1224 799/1231/1223 800/1233/1225
f 695/1232/1224 800/1233/1225 696/1234/1226
f 696/1234/1226 800/1233/1225 801/1235/1227
f 696/1234/1226 801/1235/1227 697/1236/1228
f 697/1236/1228 801/1235/1227 802/1237/1229
f 697/1236/1228 802/1237/1229 698/1238/1230
f 698/1238/1230 802/1237/1229 803/1239/1231
f 698/1238/1230 803/1239/1231 699/1240/1232
f 699/1240/1232 803/1239/1231 804/1241/1233
f 699/1240/1232 804/1241/1233 700/1242/1234
f 700/1242/1234 804/1241/1233 805/1243/1235
f 700/1242/1234 805/1243/1235 701/1032/1026
f 701/1032/1026 805/1243/1235 806/1033/1027
f 73/1244/1236 2/1245/1237 389/1246/1238
f 389/1246/1238 2/1245/1237 1/1247/1239
f 389/1246/1238 1/1247/1239 38/1248/1240
f 38/1248/1240 37/1249/1241 389/1246/1238
f 389/1246/1238 37/1249/1241 512/1250/1242
f 389/1246/1238 512/1250/1242 511/1251/1243
f 512/1250/1242 37/1249/1241 513/1252/1244
f 513/1252/1244 37/1249/1241 36/1253/1245
f 513/1252/1244 36/1253/1245 514/1254/1246
f 514/1254/1246 36/1253/1245 35/1255/1247
f 514/1254/1246 35/1255/1247 515/1256/1248
f 515/1256/1248 35/1255/1247 34/1257/1249
f 515/1256/1248 34/1257/1249 516/1258/1250
f 516/1258/1250 34/1257/1249 33/1259/1251
f 516/1258/1250 33/1259/1251 517/1260/1252
f 517/1260/1252 33/1259/1251 32/1261/1253
f 517/1260/1252 32/1261/1253 518/1262/1254
f 518/1262/1254 32/1261/1253 31/1263/1255
f 518/1262/1254 31/1263/1255 30/1264/1256
f 518/1262/1254 30/1264/1256 519/1265/1257
f 519/1265/1257 30/1264/1256 29/1266/1258
f 519/1265/1257 29/1266/1258 28/1267/1259
f 28/1267/1259 27/1268/1260 519/1265/1257
f 519/1265/1257 27/1268/1260 520/1269/1261
f 520/1269/1261 27/1268/1260 26/1270/1262
f 520/1269/1261 26/1270/1262 25/1271/1263
f 520/1269/1261 25/1271/1263 521/1272/1264
f 521/1272/1264 25/1271/1263 24/1273/1265
f 521/1272/1264 24/1273/1265 23/1274/1266
f 521/1272/1264 23/1274/1266 522/1275/1267
f 522/1275/1267 23/1274/1266 22/1276/1268
f 522/1275/1267 22/1276/1268 21/1277/1269
f 522/1275/1267 21/1277/1269 523/1278/1270
f 523/1278/1270 21/1277/1269 20/1279/1271
f 523/1278/1270 20/1279/1271 19/1280/1272
f 523/1278/1270 19/1280/1272 524/1281/1273
f 524/1281/1273 19/1280/1272 18/1282/1274
f 524/1281/1273 18/1282/1274 17/1283/1275
f 17/1283/1275 16/1284/1276 524/1281/1273
f 524/1281/1273 16/1284/1276 525/1285/1277
f 525/1285/1277 16/1284/1276 15/1286/1278
f 525/1285/1277 15/1286/1278 14/1287/1279
f 525/1285/1277 14/1287/1279 526/1288/1280
f 526/1288/1280 14/1287/1279 13/1289/1281
f 526/1288/1280 13/1289/1281 12/1290/1282
f 526/1288/1280 12/1290/1282 527/1291/1283
f 527/1291/1283 12/1290/1282 11/1292/1284
f 527/1291/1283 11/1292/1284 528/1293/1285
f 528/1293/1285 11/1292/1284 10/1294/1286
f 528/1293/1285 10/1294/1286 529/1295/1287
f 529/1295/1287 10/1294/1286 9/1296/1288
f 529/1295/1287 9/1296/1288 530/1297/1289
f 530/1297/1289 9/1296/1288 8/1298/1290
f 530/1297/1289 8/1298/1290 531/1299/1291
f 531/1299/1291 8/1298/1290 7/1300/1292
f 531/1299/1291 7/1300/1292 532/1301/1293
f 532/1301/1293 7/1300/1292 6/1302/1294
f 532/1301/1293 6/1302/1294 533/1303/1295
f 533/1303/1295 6/1302/1294 5/1304/1296
f 533/1303/1295 5/1304/1296 534/1305/1297
f 534/1305/1297 5/1304/1296 535/1306/1298
f 535/1306/1298 5/1304/1296 536/1307/1299
f 536/1307/1299 5/1304/1296 537/1308/1300
f 537/1308/1300 5/1304/1296 538/1309/1301
f 538/1309/1301 5/1304/1296 539/1310/1302
f 539/1310/1302 5/1304/1296 73/1244/1236
f 539/1310/1302 73/1244/1236 540/1311/1303
f 540/1311/1303 73/1244/1236 541/1312/1304
f 541/1312/1304 73/1244/1236 542/1313/1305
f 542/1313/1305 73/1244/1236 543/1314/1306
f 543/1314/1306 73/1244/1236 544/1315/1307
f 544/1315/1307 73/1244/1236 545/1316/1308
f 545/1316/1308 73/1244/1236 546/1317/1309
f 546/1317/1309 73/1244/1236 547/1318/1310
f 547/1318/1310 73/1244/1236 548/1319/1311
f 548/1319/1311 73/1244/1236 549/1320/1312
f 549/1320/1312 73/1244/1236 395/1321/1313
f 549/1320/1312 395/1321/1313 550/1322/1314
f 550/1322/1314 395/1321/1313 551/1323/1315
f 551/1323/1315 395/1321/1313 552/1324/1316
f 552/1324/1316 395/1321/1313 553/1325/1317
f 553/1325/1317 395/1321/1313 554/1326/1318
f 554/1326/1318 395/1321/1313 555/1327/1319
f 555/1327/1319 395/1321/1313 556/1328/1320
f 556/1328/1320 395/1321/1313 557/1329/1321
f 557/1329/1321 395/1321/1313 393/1330/1322
f 557/1329/1321 393/1330/1322 558/1331/1323
f 558/1331/1323 393/1330/1322 559/1332/1324
f 559/1332/1324 393/1330/1322 560/1333/1325
f 560/1333/1325 393/1330/1322 561/1334/1326
f 561/1334/1326 393/1330/1322 562/1335/1327
f 562/1335/1327 393/1330/1322 146/1336/1328
f 562/1335/1327 146/1336/1328 563/1337/1329
f 563/1337/1329 146/1336/1328 145/1338/1330
f 563/1337/1329 145/1338/1330 564/1339/1331
f 564/1339/1331 145/1338/1330 144/1340/1332
f 564/1339/1331 144/1340/1332 143/1341/1333
f 395/1321/1313 73/1244/1236 389/1246/1238
f 231/1342/1334 76/1343/1335 385/1344/1336
f 385/1344/1336 76/1343/1335 75/1345/1337
f 385/1344/1336 75/1345/1337 381/1346/1338
f 381/1346/1338 75/1345/1337 154/1347/1339
f 381/1346/1338 154/1347/1339 153/1348/1340
f 153/1348/1340 152/1349/1341 381/1346/1338
f 381/1346/1338 152/1349/1341 151/1350/1342
f 381/1346/1338 151/1350/1342 150/1351/1343
f 381/1346/1338 150/1351/1343 393/1330/1322
f 393/1330/1322 150/1351/1343 149/1352/1344
f 393/1330/1322 149/1352/1344 148/1353/1345
f 148/1353/1345 147/1354/1346 393/1330/1322
f 393/1330/1322 147/1354/1346 146/1336/1328
f 564/1339/1331 143/1341/1333 565/1355/1347
f 565/1355/1347 143/1341/1333 142/1356/1348
f 565/1355/1347 142/1356/1348 141/1357/1349
f 565/1355/1347 141/1357/1349 566/1358/1350
f 566/1358/1350 141/1357/1349 140/1359/1351
f 566/1358/1350 140/1359/1351 567/1360/1352
f 567/1360/1352 140/1359/1351 139/1361/1353
f 567/1360/1352 139/1361/1353 138/1362/1354
f 137/1363/1355 114/1364/1356 138/1362/1354
f 138/1362/1354 114/1364/1356 568/1365/1357
f 138/1362/1354 568/1365/1357 567/1360/1352
f 114/1364/1356 137/1363/1355 115/1366/1358
f 115/1366/1358 137/1363/1355 136/1367/1359
f 115/1366/1358 136/1367/1359 135/1368/1360
f 115/1366/1358 135/1368/1360 116/1369/1361
f 116/1369/1361 135/1368/1360 134/1370/1362
f 116/1369/1361 134/1370/1362 117/1371/1363
f 117/1371/1363 134/1370/1362 133/1372/1364
f 117/1371/1363 133/1372/1364 118/1373/1365
f 118/1373/1365 133/1372/1364 132/1374/1366
f 118/1373/1365 132/1374/1366 119/1375/1367
f 119/1375/1367 132/1374/1366 131/1376/1368
f 119/1375/1367 131/1376/1368 120/1377/1369
f 120/1377/1369 131/1376/1368 130/1378/1370
f 120/1377/1369 130/1378/1370 121/1379/1371
f 121/1379/1371 130/1378/1370 129/1380/1372
f 121/1379/1371 129/1380/1372 122/1381/1373
f 122/1381/1373 129/1380/1372 123/1382/1374
f 123/1382/1374 129/1380/1372 124/1383/1375
f 124/1383/1375 129/1380/1372 125/1384/1376
f 125/1384/1376 129/1380/1372 126/1385/1377
f 126/1385/1377 129/1380/1372 127/1386/1378
f 127/1386/1378 129/1380/1372 128/1387/1379
f 114/1364/1356 113/1388/1380 568/1365/1357
f 568/1365/1357 113/1388/1380 569/1389/1381
f 569/1389/1381 113/1388/1380 112/1390/1382
f 569/1389/1381 112/1390/1382 111/1391/1383
f 111/1391/1383 110/1392/1384 569/1389/1381
f 569/1389/1381 110/1392/1384 570/1393/1385
f 570/1393/1385 110/1392/1384 109/1394/1386
f 570/1393/1385 109/1394/1386 79/1395/1387
f 79/1395/1387 109/1394/1386 108/1396/1388
f 79/1395/1387 108/1396/1388 107/1397/1389
f 107/1397/1389 106/1398/1390 79/1395/1387
f 79/1395/1387 106/1398/1390 80/1399/1391
f 80/1399/1391 106/1398/1390 105/1400/1392
f 80/1399/1391 105/1400/1392 104/1401/1393
f 80/1399/1391 104/1401/1393 81/1402/1394
f 81/1402/1394 104/1401/1393 103/1403/1395
f 81/1402/1394 103/1403/1395 82/1404/1396
f 82/1404/1396 103/1403/1395 102/1405/1397
f 82/1404/1396 102/1405/1397 101/1406/1398
f 82/1404/1396 101/1406/1398 83/1407/1399
f 83/1407/1399 101/1406/1398 100/1408/1400
f 83/1407/1399 100/1408/1400 84/1409/1401
f 84/1409/1401 100/1408/1400 99/1410/1402
f 84/1409/1401 99/1410/1402 85/1411/1403
f 85/1411/1403 99/1410/1402 86/1412/1404
f 86/1412/1404 99/1410/1402 98/1413/1405
f 86/1412/1404 98/1413/1405 87/1414/1406
f 87/1414/1406 98/1413/1405 97/1415/1407
f 87/1414/1406 97/1415/1407 88/1416/1408
f 88/1416/1408 97/1415/1407 96/1417/1409
f 88/1416/1408 96/1417/1409 95/1418/1410
f 88/1416/1408 95/1418/1410 89/1419/1411
f 89/1419/1411 95/1418/1410 94/1420/1412
f 89/1419/1411 94/1420/1412 90/1421/1413
f 90/1421/1413 94/1420/1412 91/1422/1414
f 91/1422/1414 94/1420/1412 93/1423/1415
f 91/1422/1414 93/1423/1415 92/1424/1416
f 305/1425/1417 279/1426/1418 79/1395/1387
f 79/1395/1387 279/1426/1418 278/1427/1419
f 79/1395/1387 278/1427/1419 277/1428/1420
f 304/1429/1421 281/1430/1422 305/1425/1417
f 305/1425/1417 281/1430/1422 280/1431/1423
f 305/1425/1417 280/1431/1423 279/1426/1418
f 281/1430/1422 304/1429/1421 282/1432/1424
f 282/1432/1424 304/1429/1421 303/1433/1425
f 282/1432/1424 303/1433/1425 283/1434/1426
f 283/1434/1426 303/1433/1425 284/1435/1427
f 284/1435/1427 303/1433/1425 302/1436/1428
f 284/1435/1427 302/1436/1428 285/1437/1429
f 285/1437/1429 302/1436/1428 301/1438/1430
f 285/1437/1429 301/1438/1430 286/1439/1431
f 286/1439/1431 301/1438/1430 300/1440/1432
f 286/1439/1431 300/1440/1432 299/1441/1433
f 286/1439/1431 299/1441/1433 287/1442/1434
f 287/1442/1434 299/1441/1433 298/1443/1435
f 287/1442/1434 298/1443/1435 288/1444/1436
f 288/1444/1436 298/1443/1435 297/1445/1437
f 288/1444/1436 297/1445/1437 289/1446/1438
f 289/1446/1438 297/1445/1437 290/1447/1439
f 290/1447/1439 297/1445/1437 296/1448/1440
f 290/1447/1439 296/1448/1440 291/1449/1441
f 291/1449/1441 296/1448/1440 295/1450/1442
f 291/1449/1441 295/1450/1442 294/1451/1443
f 293/1452/1444 292/1453/1445 294/1451/1443
f 294/1451/1443 292/1453/1445 291/1449/1441
f 277/1428/1420 276/1454/1446 79/1395/1387
f 79/1395/1387 276/1454/1446 574/1455/1447
f 79/1395/1387 574/1455/1447 573/1456/1448
f 276/1454/1446 275/1457/1449 574/1455/1447
f 574/1455/1447 275/1457/1449 575/1458/1450
f 575/1458/1450 275/1457/1449 274/1459/1451
f 575/1458/1450 274/1459/1451 273/1460/1452
f 273/1460/1452 272/1461/1453 575/1458/1450
f 575/1458/1450 272/1461/1453 576/1462/1454
f 576/1462/1454 272/1461/1453 271/1463/1455
f 576/1462/1454 271/1463/1455 247/1464/1456
f 247/1464/1456 271/1463/1455 248/1465/1457
f 248/1465/1457 271/1463/1455 270/1466/1458
f 248/1465/1457 270/1466/1458 249/1467/1459
f 249/1467/1459 270/1466/1458 250/1468/1460
f 250/1468/1460 270/1466/1458 269/1469/1461
f 250/1468/1460 269/1469/1461 251/1470/1462
f 251/1470/1462 269/1469/1461 268/1471/1463
f 251/1470/1462 268/1471/1463 252/1472/1464
f 252/1472/1464 268/1471/1463 267/1473/1465
f 252/1472/1464 267/1473/1465 253/1474/1466
f 253/1474/1466 267/1473/1465 266/1475/1467
f 253/1474/1466 266/1475/1467 254/1476/1468
f 254/1476/1468 266/1475/1467 265/1477/1469
f 254/1476/1468 265/1477/1469 255/1478/1470
f 255/1478/1470 265/1477/1469 264/1479/1471
f 255/1478/1470 264/1479/1471 256/1480/1472
f 256/1480/1472 264/1479/1471 263/1481/1473
f 256/1480/1472 263/1481/1473 262/1482/1474
f 262/1482/1474 261/1483/1475 256/1480/1472
f 256/1480/1472 261/1483/1475 260/1484/1476
f 256/1480/1472 260/1484/1476 259/1485/1477
f 259/1485/1477 258/1486/1478 256/1480/1472
f 256/1480/1472 258/1486/1478 257/1487/1479
f 576/1462/1454 247/1464/1456 577/1488/1480
f 577/1488/1480 247/1464/1456 246/1489/1481
f 577/1488/1480 246/1489/1481 245/1490/1482
f 577/1488/1480 245/1490/1482 578/1491/1483
f 578/1491/1483 245/1490/1482 244/1492/1484
f 578/1491/1483 244/1492/1484 579/1493/1485
f 579/1493/1485 244/1492/1484 243/1494/1486
f 579/1493/1485 243/1494/1486 242/1495/1487
f 579/1493/1485 242/1495/1487 580/1496/1488
f 580/1496/1488 242/1495/1487 241/1497/1489
f 580/1496/1488 241/1497/1489 240/1498/1490
f 580/1496/1488 240/1498/1490 581/1499/1491
f 581/1499/1491 240/1498/1490 239/1500/1492
f 581/1499/1491 239/1500/1492 582/1501/1493
f 582/1501/1493 239/1500/1492 238/1502/1494
f 582/1501/1493 238/1502/1494 583/1503/1495
f 583/1503/1495 238/1502/1494 237/1504/1496
f 583/1503/1495 237/1504/1496 584/1505/1497
f 584/1505/1497 237/1504/1496 236/1506/1498
f 584/1505/1497 236/1506/1498 385/1344/1336
f 385/1344/1336 236/1506/1498 235/1507/1499
f 385/1344/1336 235/1507/1499 234/1508/1500
f 234/1508/1500 233/1509/1501 385/1344/1336
f 385/1344/1336 233/1509/1501 232/1510/1502
f 385/1344/1336 232/1510/1502 231/1342/1334
f 387/1511/1503 382/1512/1504 393/1330/1322
f 393/1330/1322 382/1512/1504 381/1346/1338
f 387/1511/1503 588/1513/1505 385/1344/1336
f 385/1344/1336 588/1513/1505 587/1514/1506
f 385/1344/1336 587/1514/1506 586/1515/1507
f 393/1330/1322 390/1516/1508 387/1511/1503
f 387/1511/1503 390/1516/1508 499/1517/1509
f 387/1511/1503 499/1517/1509 498/1518/1510
f 389/1246/1238 507/1519/1511 390/1516/1508
f 390/1516/1508 507/1519/1511 506/1520/1512
f 390/1516/1508 506/1520/1512 505/1521/1513
f 498/1518/1510 497/1522/1514 387/1511/1503
f 387/1511/1503 497/1522/1514 596/1523/1515
f 387/1511/1503 596/1523/1515 595/1524/1516
f 595/1524/1516 594/1525/1517 387/1511/1503
f 387/1511/1503 594/1525/1517 593/1526/1518
f 387/1511/1503 593/1526/1518 592/1527/1519
f 592/1527/1519 591/1528/1520 387/1511/1503
f 387/1511/1503 591/1528/1520 590/1529/1521
f 387/1511/1503 590/1529/1521 589/1530/1522
f 589/1530/1522 588/1513/1505 387/1511/1503
f 586/1515/1507 585/1531/1523 385/1344/1336
f 385/1344/1336 585/1531/1523 584/1505/1497
f 573/1456/1448 572/1532/1524 79/1395/1387
f 79/1395/1387 572/1532/1524 571/1533/1525
f 79/1395/1387 571/1533/1525 570/1393/1385
f 511/1251/1243 510/1534/1526 389/1246/1238
f 389/1246/1238 510/1534/1526 509/1535/1527
f 389/1246/1238 509/1535/1527 508/1536/1528
f 508/1536/1528 507/1519/1511 389/1246/1238
f 505/1521/1513 504/1537/1529 390/1516/1508
f 390/1516/1508 504/1537/1529 503/1538/1530
f 390/1516/1508 503/1538/1530 502/1539/1531
f 502/1539/1531 501/1540/1532 390/1516/1508
f 390/1516/1508 501/1540/1532 500/1541/1533
f 390/1516/1508 500/1541/1533 499/1517/1509
f 806/1542/1534 755/1543/1535 702/1544/1536
f 702/1544/1536 755/1543/1535 754/1545/1537
f 702/1544/1536 754/1545/1537 703/1546/1538
f 703/1546/1538 754/1545/1537 753/1547/1539
f 703/1546/1538 753/1547/1539 704/1548/1540
f 704/1548/1540 753/1547/1539 752/1549/1541
f 704/1548/1540 752/1549/1541 705/1550/1542
f 705/1550/1542 752/1549/1541 751/1551/1543
f 705/1550/1542 751/1551/1543 706/1552/1544
f 706/1552/1544 751/1551/1543 750/1553/1545
f 706/1552/1544 750/1553/1545 707/1554/1546
f 707/1554/1546 750/1553/1545 749/1555/1547
f 707/1554/1546 749/1555/1547 708/1556/1548
f 708/1556/1548 749/1555/1547 748/1557/1549
f 708/1556/1548 748/1557/1549 709/1558/1550
f 709/1558/1550 748/1557/1549 747/1559/1551
f 709/1558/1550 747/1559/1551 710/1560/1552
f 710/1560/1552 747/1559/1551 746/1561/1553
f 710/1560/1552 746/1561/1553 711/1562/1554
f 711/1562/1554 746/1561/1553 745/1563/1555
f 711/1562/1554 745/1563/1555 712/1564/1556
f 712/1564/1556 745/1563/1555 744/1565/1557
f 712/1564/1556 744/1565/1557 713/1566/1558
f 713/1566/1558 744/1565/1557 743/1567/1559
f 713/1566/1558 743/1567/1559 714/1568/1560
f 714/1568/1560 743/1567/1559 742/1569/1561
f 714/1568/1560 742/1569/1561 715/1570/1562
f 715/1570/1562 742/1569/1561 741/1571/1563
f 715/1570/1562 741/1571/1563 716/1572/1564
f 716/1572/1564 741/1571/1563 740/1573/1565
f 716/1572/1564 740/1573/1565 717/1574/1566
f 717/1574/1566 740/1573/1565 739/1575/1567
f 717/1574/1566 739/1575/1567 718/1576/1568
f 718/1576/1568 739/1575/1567 738/1577/1569
f 718/1576/1568 738/1577/1569 719/1578/1570
f 719/1578/1570 738/1577/1569 737/1579/1571
f 719/1578/1570 737/1579/1571 720/1580/1572
f 720/1580/1572 737/1579/1571 736/1581/1573
f 720/1580/1572 736/1581/1573 721/1582/1574
f 721/1582/1574 736/1581/1573 735/1583/1575
f 721/1582/1574 735/1583/1575 722/1584/1576
f 722/1584/1576 735/1583/1575 734/1585/1577
f 722/1584/1576 734/1585/1577 723/1586/1578
f 723/1586/1578 734/1585/1577 733/1587/1579
f 723/1586/1578 733/1587/1579 724/1588/1580
f 724/1588/1580 733/1587/1579 732/1589/1581
f 724/1588/1580 732/1589/1581 725/1590/1582
f 725/1590/1582 732/1589/1581 731/1591/1583
f 725/1590/1582 731/1591/1583 726/1592/1584
f 726/1592/1584 731/1591/1583 730/1593/1585
f 726/1592/1584 730/1593/1585 727/1594/1586
f 727/1594/1586 730/1593/1585 729/1595/1587
f 727/1594/1586 729/1595/1587 728/1596/1588
f 755/1543/1535 806/1542/1534 756/1597/1589
f 756/1597/1589 806/1542/1534 805/1598/1590
f 756/1597/1589 805/1598/1590 757/1599/1591
f 757/1599/1591 805/1598/1590 804/1600/1592
f 757/1599/1591 804/1600/1592 758/1601/1593
f 758/1601/1593 804/1600/1592 803/1602/1594
f 758/1601/1593 803/1602/1594 759/1603/1595
f 759/1603/1595 803/1602/1594 802/1604/1596
f 759/1603/1595 802/1604/1596 801/1605/1597
f 801/1605/1597 800/1606/1598 759/1603/1595
f 759/1603/1595 800/1606/1598 799/1607/1599
f 759/1603/1595 799/1607/1599 798/1608/1600
f 759/1603/1595 798/1608/1600 760/1609/1601
f 760/1609/1601 798/1608/1600 797/1610/1602
f 760/1609/1601 797/1610/1602 796/1611/1603
f 796/1611/1603 795/1612/1604 760/1609/1601
f 760/1609/1601 795/1612/1604 794/1613/1605
f 760/1609/1601 794/1613/1605 793/1614/1606
f 793/1614/1606 792/1615/1607 760/1609/1601
f 760/1609/1601 792/1615/1607 791/1616/1608
f 760/1609/1601 791/1616/1608 790/1617/1609
f 790/1617/1609 789/1618/1610 760/1609/1601
f 760/1609/1601 789/1618/1610 788/1619/1611
f 760/1609/1601 788/1619/1611 787/1620/1612
f 787/1620/1612 786/1621/1613 760/1609/1601
f 760/1609/1601 786/1621/1613 785/1622/1614
f 760/1609/1601 785/1622/1614 784/1623/1615
f 784/1623/1615 783/1624/1616 760/1609/1601
f 760/1609/1601 783/1624/1616 782/1625/1617
f 760/1609/1601 782/1625/1617 781/1626/1618
f 781/1626/1618 780/1627/1619 760/1609/1601
f 760/1609/1601 780/1627/1619 779/1628/1620
f 760/1609/1601 779/1628/1620 778/1629/1621
f 778/1629/1621 777/1630/1622 760/1609/1601
f 760/1609/1601 777/1630/1622 776/1631/1623
f 760/1609/1601 776/1631/1623 775/1632/1624
f 775/1632/1624 774/1633/1625 760/1609/1601
f 760/1609/1601 774/1633/1625 773/1634/1626
f 760/1609/1601 773/1634/1626 772/1635/1627
f 772/1635/1627 771/1636/1628 760/1609/1601
f 760/1609/1601 771/1636/1628 770/1637/1629
f 760/1609/1601 770/1637/1629 769/1638/1630
f 769/1638/1630 768/1639/1631 760/1609/1601
f 760/1609/1601 768/1639/1631 767/1640/1632
f 760/1609/1601 767/1640/1632 766/1641/1633
f 766/1641/1633 765/1642/1634 760/1609/1601
f 760/1609/1601 765/1642/1634 764/1643/1635
f 760/1609/1601 764/1643/1635 763/1644/1636
f 763/1644/1636 762/1645/1637 760/1609/1601
f 760/1609/1601 762/1645/1637 761/1646/1638
# 806 vertices
# 1646 texture params
# 1638 normals
# 1608 facets

# 1 groups
